time_index,time,bandwidth_steps,min_eig,max_eig,cond,task,seed
0,0.0,0,5.213924402496296e-05,2.35418336830682,45151.85082429842,Small,0
1,0.06,0,4.048250705323407e-05,3.5379610238412638,87394.81028654876,Small,0
2,0.12,0,2.3473575293972837e-05,6.964134353028328,296679.74587648205,Small,0
3,0.18,0,1.0820423053685067e-05,13.74598021761603,1270373.639682657,Small,0
4,0.24,0,4.1921399539380395e-06,23.11169475330075,5513101.90195104,Small,0
5,0.3,0,1.46575751614493e-06,34.06423235815391,23240018.88644297,Small,0
6,0.36,0,4.337310322868576e-07,43.335432281430045,99913146.75581986,Small,0
7,0.42,0,8.10985122526731e-08,48.184974513833694,594153618.5486,Small,0
8,0.48,0,5.188406233088384e-09,46.19250103643542,8903023194.646704,Small,0
9,0.54,0,1.9182679128881626e-09,38.96465014356987,20312413027.283722,Small,0
10,0.6,0,1.2643124335582029e-08,28.68974257833038,2269197218.727632,Small,0
11,0.6599999999999999,0,7.327578393945343e-08,18.570150295595287,253428203.66056398,Small,0
12,0.72,0,2.7584739356208613e-07,10.216482337716414,37036718.76608451,Small,0
13,0.78,0,6.493154873777021e-07,4.896709109736044,7541340.388339858,Small,0
14,0.84,0,1.0316588902781685e-06,2.538960165626291,2461046.1748085213,Small,0
15,0.8999999999999999,0,1.2007765492232209e-06,1.9593379324472147,1631725.6809476377,Small,0
16,0.96,0,1.0167286325542751e-06,2.002685777319018,1969734.8074950674,Small,0
17,1.02,0,5.882880740619055e-07,2.4589950452286966,4179916.5300942967,Small,0
18,1.08,0,2.4349395271007816e-07,3.6235333575217163,14881410.060463235,Small,0
19,1.14,0,7.570987187774995e-08,5.552854886076711,73343868.48577689,Small,0
20,1.2,0,2.6848259578619042e-08,7.824561475572951,291436450.5699335,Small,0
21,1.26,0,1.055520474461995e-08,9.595959447757686,909121109.436442,Small,0
22,1.3199999999999998,0,2.4291846734701707e-09,10.208988882471184,4202640084.9496984,Small,0
23,1.38,0,1.7286779902315033e-10,9.621505998542439,55658173777.372696,Small,0
24,1.44,0,1.0420434478335903e-10,7.9825897723843955,76605152971.11853,Small,0
25,1.5,0,5.704529565455544e-10,5.8833920877845385,10313544737.171875,Small,0
26,1.56,0,2.1448941520751295e-09,4.011472744625263,1870242753.351846,Small,0
27,1.6199999999999999,0,5.695894524473027e-09,2.7690869285676074,486154881.6730938,Small,0
28,1.68,0,1.1177706386518327e-08,2.1680908339833045,193965627.56365523,Small,0
29,1.74,0,1.6412095733809966e-08,1.9838829708750558,120879319.92671296,Small,0
30,1.7999999999999998,0,1.871571719074485e-08,1.9478376459841438,104074966.83842675,Small,0
31,1.8599999999999999,0,1.4534587958903613e-08,1.977278999168956,136039563.3340065,Small,0
32,1.92,0,6.93308544198186e-09,2.0770942532862633,299591613.38310504,Small,0
33,1.98,0,2.428827120454288e-09,2.260834581011363,930833883.5530196,Small,0
34,2.04,0,8.041108527036111e-10,2.538973421147255,3157491796.8220744,Small,0
35,2.1,0,3.7818402865629994e-10,2.7884934476738223,7373377076.714291,Small,0
36,2.16,0,1.7525956571833698e-10,2.928572066045049,16709912831.529057,Small,0
37,2.2199999999999998,0,3.8610087443111906e-11,2.9482189902018145,29482189902.018143,Small,0
38,2.28,0,4.033076191317483e-12,2.8022157141055617,28022157141.055614,Small,0
39,2.34,0,8.61100734628736e-12,2.5639516115746437,25639516115.746437,Small,0
40,2.4,0,2.3800306142725527e-11,2.3353288490028703,23353288490.0287,Small,0
41,2.46,0,5.0795680678562554e-11,2.159812480460896,21598124804.60896,Small,0
42,2.52,0,1.0796857175693672e-10,2.0641742498845295,19118288000.803448,Small,0
43,2.58,0,2.291241037104396e-10,2.0102055205058864,8773435391.355968,Small,0
44,2.6399999999999997,0,5.246578123996844e-10,1.9852493247397895,3783893573.717389,Small,0
45,2.6999999999999997,0,9.289990825837206e-10,1.9764801033359816,2127537196.0960605,Small,0
46,2.76,0,8.919319213727375e-10,1.9814955450453597,2221577115.43244,Small,0
47,2.82,0,3.874064313674636e-10,1.9952124052738582,5150178839.910262,Small,0
48,2.88,0,1.514803586115514e-10,2.0224253835465964,13351073380.627533,Small,0
49,2.94,0,6.770479745227445e-11,2.054854208312614,20548542083.12614,Small,0
50,3.0,0,4.0041442221712945e-11,2.0875483552151124,20875483552.151123,Small,0
51,3.06,0,2.499784894433334e-11,2.1176400987797805,21176400987.797806,Small,0
52,3.12,0,8.161887530755144e-12,2.1260787003433204,21260787003.433205,Small,0
53,3.1799999999999997,0,8.838359355500094e-13,2.118872180819617,21188721808.19617,Small,0
54,3.2399999999999998,0,1.1657893813373885e-13,2.115333397533044,21153333975.33044,Small,0
55,3.3,0,6.491700100104299e-13,2.0851160721545856,20851160721.545856,Small,0
0,0.0,1,5.052052869236614e-05,2.6372297957544215,52201.151967614256,Small,0
1,0.06,1,4.365383874507655e-05,3.8938982945440306,89199.44743652584,Small,0
2,0.12,1,2.7621381277807607e-05,7.65362293025855,277090.521045298,Small,0
3,0.18,1,1.3610381307860493e-05,14.279467197099617,1049159.9665067946,Small,0
4,0.24,1,5.922907619363045e-06,23.419977734499955,3954135.2389045972,Small,0
5,0.3,1,2.4955807202885467e-06,33.57077928780891,13452091.136498023,Small,0
6,0.36,1,1.035865646493388e-06,42.16557441651609,40705640.31084048,Small,0
7,0.42,1,3.29028678852918e-07,46.41649052451325,141071260.6765269,Small,0
8,0.48,1,4.922910508336324e-08,44.829263301463556,910625192.6690702,Small,0
9,0.54,1,9.764543955349074e-09,38.150662268922886,3907060323.900097,Small,0
10,0.6,1,5.4052527647924664e-08,28.672399651117722,530454372.7885886,Small,0
11,0.6599999999999999,1,1.9167231687740978e-07,18.943749959385087,98834042.74546947,Small,0
12,0.72,1,4.5716543012894584e-07,10.88017595261589,23799209.729281325,Small,0
13,0.78,1,7.766679211592091e-07,5.489490657368045,7068002.305508837,Small,0
14,0.84,1,1.041138197718918e-06,2.7814345316055946,2671532.4994314676,Small,0
15,0.8999999999999999,1,1.1555187287075693e-06,2.0235427960552497,1751198.6139061134,Small,0
16,0.96,1,1.0227837746189117e-06,2.0458210431585226,2000247.8470298315,Small,0
17,1.02,1,6.71811014198523e-07,2.536085899816202,3774998.9896217715,Small,0
18,1.08,1,3.1521573873389765e-07,3.726968702438033,11823548.904657668,Small,0
19,1.14,1,1.1660429675388486e-07,5.580771838989171,47860773.52508229,Small,0
20,1.2,1,4.809005633553509e-08,7.665365779673852,159396065.71035972,Small,0
21,1.26,1,2.6112909744104807e-08,9.28894332545529,355722262.14860415,Small,0
22,1.3199999999999998,1,1.0877135163734025e-08,9.898568919533968,910034560.6200849,Small,0
23,1.38,1,1.8305219105132704e-09,9.346319140973458,5105822053.969728,Small,0
24,1.44,1,4.083351914720306e-10,7.845542789656401,19213486746.93837,Small,0
25,1.5,1,1.5382059257208196e-09,5.899684808644105,3835432376.116644,Small,0
26,1.56,1,4.0406302300232276e-09,4.1007810556500175,1014886495.9678441,Small,0
27,1.6199999999999999,1,8.382373442664069e-09,2.8364689727641017,338384944.57037944,Small,0
28,1.68,1,1.3299827895717436e-08,2.205143263420637,165802390.88136593,Small,0
29,1.74,1,1.7113641806922183e-08,1.9987661073486296,116793732.73666169,Small,0
30,1.7999999999999998,1,1.824344149641068e-08,1.9546389428882773,107142007.34948196,Small,0
31,1.8599999999999999,1,1.4975298285229913e-08,1.9823024663780011,132371484.60228932,Small,0
32,1.92,1,8.504845004777604e-09,2.080664193739627,244644575.24749857,Small,0
33,1.98,1,3.348510947461925e-09,2.2638364071493626,676072571.5605874,Small,0
34,2.04,1,1.297724450948576e-09,2.5163210798240607,1939025713.8059988,Small,0
35,2.1,1,7.073212116083567e-10,2.754531429751835,3894314753.3896065,Small,0
36,2.16,1,4.165698418715764e-10,2.8961648214601907,6952411169.3929205,Small,0
37,2.2199999999999998,1,1.453725464412613e-10,2.9048313260288987,19981980072.163174,Small,0
38,2.28,1,2.54226422001505e-11,2.7728229615680204,27728229615.680202,Small,0
39,2.34,1,1.7763460740387393e-11,2.5543888360073757,25543888360.073757,Small,0
40,2.4,1,3.8594289728645126e-11,2.3332367606706144,23332367606.706142,Small,0
41,2.46,1,7.568657702771313e-11,2.1665863218109744,21665863218.109745,Small,0
42,2.52,1,1.7022607600634626e-10,2.0665330386544847,12139932301.42626,Small,0
43,2.58,1,3.4683905308526154e-10,2.012706013637256,5802997083.902439,Small,0
44,2.6399999999999997,1,6.245791308673697e-10,1.986434687929118,3180437177.2244506,Small,0
45,2.6999999999999997,1,9.092080880454229e-10,1.977855544943138,2175360702.295388,Small,0
46,2.76,1,8.704062323598856e-10,1.9819548852716493,2277045833.9872885,Small,0
47,2.82,1,4.912992097994999e-10,1.996425481493052,4063563387.9968925,Small,0
48,2.88,1,2.1092436920305825e-10,2.0212557244810476,9582845889.823057,Small,0
49,2.94,1,9.182146442945032e-11,2.0530885362095157,20530885362.095158,Small,0
50,3.0,1,5.303083195128596e-11,2.0855835582904714,20855835582.904713,Small,0
51,3.06,1,3.565498764189702e-11,2.1116392082139632,21116392082.139633,Small,0
52,3.12,1,1.842475990481425e-11,2.121995009079188,21219950090.79188,Small,0
53,3.1799999999999997,1,5.030040359039814e-12,2.1195557448912266,21195557448.912266,Small,0
54,3.2399999999999998,1,9.511133186395537e-13,2.1079525720001193,21079525720.001194,Small,0
55,3.3,1,6.286606936111218e-13,2.0945721987695216,20945721987.695217,Small,0
0,0.0,2,4.824589226610981e-05,3.251059818141404,67385.21489476321,Small,0
1,0.06,2,4.1820744102590447e-05,5.029477028976929,120262.73412637331,Small,0
2,0.12,2,3.1917649261018815e-05,8.652847182242805,271099.13739200623,Small,0
3,0.18,2,1.7581785164155677e-05,15.18796460937298,863846.5586723796,Small,0
4,0.24,2,8.599384889315838e-06,23.709856765050844,2757157.293251144,Small,0
5,0.3,2,4.311914706090341e-06,32.82611220192303,7612885.328078954,Small,0
6,0.36,2,2.2414198446421897e-06,40.269693763853056,17966153.84668441,Small,0
7,0.42,2,9.878590215989116e-07,43.932109379253454,44472043.498824954,Small,0
8,0.48,2,2.469396923997305e-07,42.63641754974082,172659231.63427147,Small,0
9,0.54,2,5.2734322987228624e-08,36.91710817073317,700058445.4203362,Small,0
10,0.6,2,1.4588123972296467e-07,28.480574263421804,195231232.73086897,Small,0
11,0.6599999999999999,2,3.325290931014163e-07,19.548375821708138,58786963.989782944,Small,0
12,0.72,2,5.833180120359662e-07,11.87297893004439,20354212.770841587,Small,0
13,0.78,2,8.497231620838541e-07,6.42010243769368,7555522.462102921,Small,0
14,0.84,2,1.026776510345824e-06,3.3010187226838914,3214934.0089325667,Small,0
15,0.8999999999999999,2,1.0908799440748444e-06,2.1789864816480797,1997457.6427803326,Small,0
16,0.96,2,1.0099908419659458e-06,2.1412626669605883,2120081.27003669,Small,0
17,1.02,2,7.517404451107096e-07,2.6758157408613763,3559494.1821539295,Small,0
18,1.08,2,4.153243928402704e-07,3.8786952065442004,9338953.534655279,Small,0
19,1.14,2,1.8150244853899135e-07,5.5975908250073685,30840304.745557543,Small,0
20,1.2,2,8.830099767092436e-08,7.429999815973984,84144007.56448673,Small,0
21,1.26,2,5.538738163780026e-08,8.846855701968181,159726916.8602558,Small,0
22,1.3199999999999998,2,3.035721223403863e-08,9.401139232517433,309683878.74484134,Small,0
23,1.38,2,8.776814339133038e-09,8.93741044074268,1018297766.7527492,Small,0
24,1.44,2,1.7446311985100494e-09,7.630744832502343,4373844076.054099,Small,0
25,1.5,2,3.2830095007716727e-09,5.903470038727242,1798188533.2161326,Small,0
26,1.56,2,6.327726896049866e-09,4.224301473663299,667585934.5795017,Small,0
27,1.6199999999999999,2,1.0222106271521524e-08,2.9588814228219205,289459074.6982619,Small,0
28,1.68,2,1.4432628197091525e-08,2.2720004826420617,157421119.1209039,Small,0
29,1.74,2,1.6988469742791908e-08,2.02659895917458,119292613.74671207,Small,0
30,1.7999999999999998,2,1.7372947797242642e-08,1.9688306943061757,113327382.16243647,Small,0
31,1.8599999999999999,2,1.5169198681221915e-08,1.9926858503257452,131363949.55341369,Small,0
32,1.92,2,1.024692894149459e-08,2.0879227949914725,203760834.77426103,Small,0
33,1.98,2,4.932889396274841e-09,2.2612513490468906,458403010.3643749,Small,0
34,2.04,2,2.1667498749669146e-09,2.4886156908977672,1148547748.703928,Small,0
35,2.1,2,1.3017108124487637e-09,2.7043747522187345,2077554189.7292035,Small,0
36,2.16,2,8.717399595121437e-10,2.837190347448204,3254629223.416574,Small,0
37,2.2199999999999998,2,3.984172318006957e-10,2.844297400296024,7138991924.221931,Small,0
38,2.28,2,9.972264551722992e-11,2.7283000904850536,27283000904.850536,Small,0
39,2.34,2,3.592270781936102e-11,2.5349649605157047,25349649605.157047,Small,0
40,2.4,2,6.750028224796028e-11,2.332576914260748,23325769142.60748,Small,0
41,2.46,2,1.2665042513927476e-10,2.173266682707561,17159568791.95365,Small,0
42,2.52,2,2.547237441318459e-10,2.072364864325288,8135734936.64032,Small,0
43,2.58,2,4.590063969271729e-10,2.01624913871882,4392638429.9143505,Small,0
44,2.6399999999999997,2,6.907600148481757e-10,1.9891803030921746,2879698101.1261673,Small,0
45,2.6999999999999997,2,8.568401760350379e-10,1.9799745911339417,2310786359.5940633,Small,0
46,2.76,2,8.266728780028857e-10,1.9833954843788781,2399250703.8218746,Small,0
47,2.82,2,5.710061947180985e-10,1.997213346221066,3497708719.6174383,Small,0
48,2.88,2,2.9440927314977104e-10,2.0205705523771784,6863134882.81084,Small,0
49,2.94,2,1.4077497100953447e-10,2.0503305384830273,14564595707.458263,Small,0
50,3.0,2,7.797908781370536e-11,2.0808627920273075,20808627920.273075,Small,0
51,3.06,2,5.217880800685118e-11,2.1044687378987157,21044687378.987156,Small,0
52,3.12,2,3.3383483116856735e-11,2.1164696910355785,21164696910.355785,Small,0
53,3.1799999999999997,2,1.3773990142276084e-11,2.114990882601119,21149908826.01119,Small,0
54,3.2399999999999998,2,3.5335833136342083e-12,2.109064368118536,21090643681.18536,Small,0
55,3.3,2,9.050727049218681e-13,2.0999281545253434,20999281545.253433,Small,0
0,0.0,4,4.266391034903888e-05,5.97851980663552,140130.61057283517,Small,0
1,0.06,4,3.6929820260750814e-05,8.753941344615587,237042.61983422964,Small,0
2,0.12,4,3.0045783637569123e-05,12.741192914141237,424059.26461540855,Small,0
3,0.18,4,2.301007002613735e-05,17.897087514301873,777793.7004960179,Small,0
4,0.24,4,1.6535446088505805e-05,23.937258062036268,1447633.0383778182,Small,0
5,0.3,4,1.0645345766686562e-05,30.441428935475006,2859599.8291326626,Small,0
6,0.36,4,7.2170365801499585e-06,35.44110511253085,4910755.920235953,Small,0
7,0.42,4,4.463243512689904e-06,37.84499048018577,8479257.376969194,Small,0
8,0.48,4,2.0238443732670626e-06,37.069251237673114,18316255.79877605,Small,0
9,0.54,4,6.63754330245763e-07,33.32897980883014,50212824.67037117,Small,0
10,0.6,4,4.58124342702318e-07,27.47623897835887,59975505.37543145,Small,0
11,0.6599999999999999,4,6.084686017381491e-07,20.733074616089432,34074189.78869807,Small,0
12,0.72,4,7.479692718573759e-07,14.277016419064523,19087704.47696532,Small,0
13,0.78,4,8.964465108243579e-07,8.9913516301219,10029992.33256382,Small,0
14,0.84,4,1.0027383975064139e-06,5.289720765893762,5275274.966080998,Small,0
15,0.8999999999999999,4,1.006426141136683e-06,3.236465256411339,3215800.0712859007,Small,0
16,0.96,4,9.616926764580108e-07,2.7077758979131503,2815635.352331163,Small,0
17,1.02,4,8.528864309749207e-07,3.1795019795627684,3727931.2509736274,Small,0
18,1.08,4,6.282404400903028e-07,4.220606342577205,6718138.587147523,Small,0
19,1.14,4,3.7799769928963655e-07,5.53656991745256,14647099.513720121,Small,0
20,1.2,4,2.3604255525094446e-07,6.818922645147023,28888530.87485689,Small,0
21,1.26,4,1.7184467559366025e-07,7.762502829550156,45171622.58727866,Small,0
22,1.3199999999999998,4,1.218016820954872e-07,8.141560207369398,66842756.744416475,Small,0
23,1.38,4,6.297984331189836e-08,7.872181930982974,124995260.65819435,Small,0
24,1.44,4,2.054669881506295e-08,7.0220876885874155,341762331.350254,Small,0
25,1.5,4,9.419928797406345e-09,5.797753142523769,615477384.937358,Small,0
26,1.56,4,1.051924852762953e-08,4.475873717976802,425493675.3533878,Small,0
27,1.6199999999999999,4,1.279310613161784e-08,3.318795664657694,259420630.96431082,Small,0
28,1.68,4,1.5094258848288686e-08,2.5257189118973526,167329773.34516206,Small,0
29,1.74,4,1.644293833530583e-08,2.15035390861293,130776742.25632463,Small,0
30,1.7999999999999998,4,1.6246317333608145e-08,2.0342523041470444,125213133.68284781,Small,0
31,1.8599999999999999,4,1.506870328521303e-08,2.036300766955698,135134439.1361085,Small,0
32,1.92,4,1.262662955849929e-08,2.1121771968231973,167279572.67119154,Small,0
33,1.98,4,8.647373670414547e-09,2.2486177438915904,260034760.79504192,Small,0
34,2.04,4,5.161054004111194e-09,2.419602853914814,468819518.64626986,Small,0
35,2.1,4,3.4903877476685092e-09,2.577492457614246,738454476.6798319,Small,0
36,2.16,4,2.6413032101321032e-09,2.6756098419166623,1012988524.6241167,Small,0
37,2.2199999999999998,4,1.752711004985464e-09,2.6874792318208485,1533327071.1352308,Small,0
38,2.28,4,7.73638552284769e-10,2.612318501645281,3376665361.272885,Small,0
39,2.34,4,2.4597489555668027e-10,2.476237361064747,10067032879.35392,Small,0
40,2.4,4,1.9160758120676314e-10,2.3217856308749383,12117399615.673384,Small,0
41,2.46,4,2.9428672799616296e-10,2.1862253697136858,7428895569.29727,Small,0
42,2.52,4,4.218330783409338e-10,2.0892215813887245,4952721084.855689,Small,0
43,2.58,4,5.643300862823909e-10,2.030163112284102,3597474530.6565275,Small,0
44,2.6399999999999997,4,6.82565896491455e-10,1.999353702977423,2929173158.598399,Small,0
45,2.6999999999999997,4,7.407266299877936e-10,1.9873304139889791,2682947167.731405,Small,0
46,2.76,4,7.26028875786139e-10,1.9884012876802868,2738735818.912519,Small,0
47,2.82,4,6.185896969320028e-10,1.9995533090680908,3232438753.805962,Small,0
48,2.88,4,4.4093523714045024e-10,2.0188040554600946,4578459341.44984,Small,0
49,2.94,4,2.785980231317608e-10,2.0428966641631763,7332775161.857499,Small,0
50,3.0,4,1.806884295652615e-10,2.0676024312202967,11442915499.320972,Small,0
51,3.06,4,1.230266036626655e-10,2.087694150896315,16969452856.07247,Small,0
52,3.12,4,7.992217626417076e-11,2.10084661063878,21008466106.387802,Small,0
53,3.1799999999999997,4,4.928278253418284e-11,2.107345855723582,21073458557.235817,Small,0
54,3.2399999999999998,4,2.557541489728112e-11,2.108909693928222,21089096939.28222,Small,0
55,3.3,4,9.973965502768899e-12,2.106308002079541,21063080020.795406,Small,0
0,0.0,6,3.706331541652336e-05,10.371263965968947,279825.5862816117,Small,0
1,0.06,6,3.23711237951592e-05,13.443925591207886,415306.1128269603,Small,0
2,0.12,6,2.746214571759089e-05,17.031121310480444,620167.1743213842,Small,0
3,0.18,6,2.3273353659541237e-05,20.872566060119222,896843.9342888695,Small,0
4,0.24,6,2.0051651880692904e-05,24.631146174157138,1228384.8892207071,Small,0
5,0.3,6,1.7465856425860357e-05,27.95338531331035,1600458.897161316,Small,0
6,0.36,6,1.4826696123104347e-05,30.47649284713342,2055514.7683671815,Small,0
7,0.42,6,1.095158397705623e-05,31.914516754747495,2914146.193062939,Small,0
8,0.48,6,6.940405402200895e-06,31.464180514442123,4533478.765442781,Small,0
9,0.54,6,3.4154357740499338e-06,29.214738996134216,8553736.895919478,Small,0
10,0.6,6,1.4622630596868708e-06,25.529209251254837,17458698.065395746,Small,0
11,0.6599999999999999,6,8.767731427609423e-07,20.97373533929452,23921507.533007476,Small,0
12,0.72,6,8.312523466599313e-07,16.174685269431485,19458213.061801575,Small,0
13,0.78,6,9.059276819962359e-07,11.73373369042286,12952174.796742344,Small,0
14,0.84,6,9.708819413583292e-07,8.110939331491199,8354197.339527656,Small,0
15,0.8999999999999999,6,9.77656088168556e-07,5.579014242651201,5706520.227478328,Small,0
16,0.96,6,9.380067773089666e-07,4.25933580487647,4540836.919212901,Small,0
17,1.02,6,8.665064811485186e-07,4.076217922265686,4704197.846117466,Small,0
18,1.08,6,7.410519979925666e-07,4.584281497281021,6186180.605003922,Small,0
19,1.14,6,5.701352150056548e-07,5.361966595545234,9404727.956493711,Small,0
20,1.2,6,4.298680529868935e-07,6.133118996168873,14267445.448791863,Small,0
21,1.26,6,3.4356303639376485e-07,6.69677854755032,19492139.252940472,Small,0
22,1.3199999999999998,6,2.733121823042076e-07,6.925880136769832,25340546.76370424,Small,0
23,1.38,6,1.9265183456542552e-07,6.774755408100047,35165797.52994414,Small,0
24,1.44,6,1.0407567068542398e-07,6.26884075437089,60233488.89404616,Small,0
25,1.5,6,4.2535971768557944e-08,5.494264129080394,129167476.38857718,Small,0
26,1.56,6,1.8651254105258863e-08,4.579065941093401,245509814.7959015,Small,0
27,1.6199999999999999,6,1.4280070656576809e-08,3.669195359632751,256945182.40656406,Small,0
28,1.68,6,1.4991367993930403e-08,2.9093035607824804,194065248.87924692,Small,0
29,1.74,6,1.586164737469756e-08,2.4132499168361865,152143712.4296303,Small,0
30,1.7999999999999998,6,1.5771884701930112e-08,2.1850468546076436,138540630.74277005,Small,0
31,1.8599999999999999,6,1.4893616354072998e-08,2.125936620187743,142741465.17856005,Small,0
32,1.92,6,1.3353305997033762e-08,2.1568774157237245,161523851.56176624,Small,0
33,1.98,6,1.0970867819336318e-08,2.2398338155366773,204161954.40701023,Small,0
34,2.04,6,8.28363079740985e-09,2.3466902518818036,283292472.7422151,Small,0
35,2.1,6,6.41589723447337e-09,2.446214295144075,381273920.9724679,Small,0
36,2.16,6,5.238899508858664e-09,2.5107801536975787,479257170.22286844,Small,0
37,2.2199999999999998,6,4.126192867272156e-09,2.5239672667222344,611693962.9123154,Small,0
38,2.28,6,2.7476900966643876e-09,2.482786550558173,903590457.152428,Small,0
39,2.34,6,1.373497718312935e-09,2.3989592267000313,1746605906.0124753,Small,0
40,2.4,6,6.23784488644923e-10,2.2941217400293192,3677747333.8796067,Small,0
41,2.46,6,4.5083215906545485e-10,2.1915216585534143,4861058854.133861,Small,0
42,2.52,6,4.889786277064632e-10,2.1085019727993672,4312053438.182402,Small,0
43,2.58,6,5.620215815308806e-10,2.0508099513102405,3648987901.361502,Small,0
44,2.6399999999999997,6,6.244257813596665e-10,2.016290690084495,3229031776.513277,Small,0
45,2.6999999999999997,6,6.55019148490143e-10,1.999841166412275,3053103365.0268464,Small,0
46,2.76,6,6.451108782926808e-10,1.9967742986101753,3095242020.867392,Small,0
47,2.82,6,5.920703375327995e-10,2.0034422578473974,3383790963.4113545,Small,0
48,2.88,6,4.956139949661605e-10,2.017172177840984,4070046847.6050854,Small,0
49,2.94,6,3.823802823045297e-10,2.0349322918003345,5321750063.931653,Small,0
50,3.0,6,2.8917123731596015e-10,2.053260433000017,7100500215.920651,Small,0
51,3.06,6,2.1678646520960524e-10,2.0702317117829865,9549635443.25211,Small,0
52,3.12,6,1.572852685076106e-10,2.084212529628429,13251161722.927534,Small,0
53,3.1799999999999997,6,1.0871889647002536e-10,2.0944683211593738,19264988784.51029,Small,0
54,3.2399999999999998,6,7.205275428217444e-11,2.1011700199654655,21011700199.654655,Small,0
55,3.3,6,4.486796550657098e-11,2.1042682938899024,21042682938.899025,Small,0
0,0.0,8,3.244429686225079e-05,14.96398446460942,461220.79723725317,Small,0
1,0.06,8,2.9293384271041222e-05,17.430231827622293,595022.8101453414,Small,0
2,0.12,8,2.639358251862758e-05,19.956149140723756,756098.537462259,Small,0
3,0.18,8,2.4107377217578776e-05,22.37701106955848,928222.5464677039,Small,0
4,0.24,8,2.2281711230551625e-05,24.50960689021959,1099987.6372427437,Small,0
5,0.3,8,2.0637965261782175e-05,26.172120719962468,1268154.1221715573,Small,0
6,0.36,8,1.8931825996677217e-05,27.18475665420288,1435928.9304145388,Small,0
7,0.42,8,1.6899331773624675e-05,27.412918803823622,1622130.3404793695,Small,0
8,0.48,8,1.4104587103622497e-05,26.801094563574914,1900168.6732603153,Small,0
9,0.54,8,9.552934565383795e-06,25.411134107233043,2660034.352094626,Small,0
10,0.6,8,5.357727813353614e-06,23.106267246985283,4312698.974627857,Small,0
11,0.6599999999999999,8,2.555275986450745e-06,20.178443130978902,7896776.410052902,Small,0
12,0.72,8,1.3045433090422653e-06,16.947281363961615,12990968.752431467,Small,0
13,0.78,8,9.54900188840502e-07,13.727689331562278,14376046.305144494,Small,0
14,0.84,8,9.16882677799994e-07,10.78485938003249,11762529.319356456,Small,0
15,0.8999999999999999,8,9.245753223581442e-07,8.332637843753405,9012394.81765626,Small,0
16,0.96,8,8.971949806176996e-07,6.5385000341861375,7287713.568888359,Small,0
17,1.02,8,8.328107906935891e-07,5.511644006693427,6618122.709605106,Small,0
18,1.08,8,7.504357905422366e-07,5.1895731007746235,6915412.572506482,Small,0
19,1.14,8,6.600573091747194e-07,5.308555505822966,8042567.565019985,Small,0
20,1.2,8,5.688280324123037e-07,5.591865224097548,9830502.200082144,Small,0
21,1.26,8,4.892517260439946e-07,5.847688549164174,11952310.51395072,Small,0
22,1.3199999999999998,8,4.207176531401096e-07,5.954092871527338,14152229.712938797,Small,0
23,1.38,8,3.4805875782015776e-07,5.853645146410155,16817979.766033467,Small,0
24,1.44,8,2.5940007985350076e-07,5.543894015030337,21371982.684667315,Small,0
25,1.5,8,1.5982007622863076e-07,5.063567213715176,31682923.27974794,Small,0
26,1.56,8,7.768027580471211e-08,4.474859154580254,57606118.26134644,Small,0
27,1.6199999999999999,8,3.354705508294815e-08,3.8471035069440305,114677830.8090447,Small,0
28,1.68,8,1.8338820540573127e-08,3.2518943751581117,177322983.66536516,Small,0
29,1.74,8,1.5297333519548918e-08,2.7639542238379335,180682092.0983251,Small,0
30,1.7999999999999998,8,1.4941944466308894e-08,2.4407519340576886,163349016.5594644,Small,0
31,1.8599999999999999,8,1.4287704610862695e-08,2.2821198872211212,159726138.61893988,Small,0
32,1.92,8,1.3060970492703996e-08,2.235968173943796,171194642.48026842,Small,0
33,1.98,8,1.1600414578840691e-08,2.2515755688940406,194094405.2983196,Small,0
34,2.04,8,1.0080038613596618e-08,2.295535195543211,227730793.852996,Small,0
35,2.1,8,8.65925212450932e-09,2.3438094286700375,270671115.1227567,Small,0
36,2.16,8,7.490289016302849e-09,2.378013312515914,317479513.4526977,Small,0
37,2.2199999999999998,8,6.439665739467301e-09,2.386477227008768,370590233.0275579,Small,0
38,2.28,8,5.247905497612444e-09,2.364936169747774,450643817.96198726,Small,0
39,2.34,8,3.782144223484052e-09,2.317251196635553,612681870.3124275,Small,0
40,2.4,8,2.2344839720861475e-09,2.25301077411409,1008291311.2196753,Small,0
41,2.46,8,1.1326760909733515e-09,2.184132262868764,1928293781.668735,Small,0
42,2.52,8,6.62809919581404e-10,2.12137155084972,3200573027.315987,Small,0
43,2.58,8,5.561730648263842e-10,2.071394605950159,3724370590.6483784,Small,0
44,2.6399999999999997,8,5.687168117123985e-10,2.036873341045844,3581524757.3090835,Small,0
45,2.6999999999999997,8,5.886592125551319e-10,2.0168322081875125,3426145663.1813483,Small,0
46,2.76,8,5.807952071550614e-10,2.008744392978144,3458610484.782886,Small,0
47,2.82,8,5.432013447827761e-10,2.0097342357908596,3699796134.6994524,Small,0
48,2.88,8,4.913614760223479e-10,2.016816188253156,4104546828.90408,Small,0
49,2.94,8,4.296614929056641e-10,2.0277220840721486,4719347946.1222105,Small,0
50,3.0,8,3.6147672591078967e-10,2.040702922953308,5645461454.846035,Small,0
51,3.06,8,2.962543277169537e-10,2.0542807132158747,6934179591.72758,Small,0
52,3.12,8,2.402492820776963e-10,2.067070223241144,8603855983.938616,Small,0
53,3.1799999999999997,8,1.9093440951544143e-10,2.078227060190663,10884507750.409393,Small,0
54,3.2399999999999998,8,1.4529127208866705e-10,2.087381410482286,14366874076.292881,Small,0
55,3.3,8,1.0433617702345625e-10,2.094238652449843,20072027864.11302,Small,0
0,0.0,0,0.007564748988614355,1.8211911326652035,240.7470671407953,Medium,0
1,0.06,0,0.007837503524270218,1.7587475140145474,224.40149577837818,Medium,0
2,0.12,0,0.00786783654390896,1.6892602985728327,214.7045492296871,Medium,0
3,0.18,0,0.005724806333705413,1.6303408825870402,284.78533378294964,Medium,0
4,0.24,0,0.003826300519547703,1.5776763386472918,412.32420992216913,Medium,0
5,0.3,0,0.002325478552148132,1.5114219251846355,649.9401698581473,Medium,0
6,0.36,0,0.0012433421230457137,1.4662523586181724,1179.2831043368928,Medium,0
7,0.42,0,0.0006240614744427709,1.4211619672344544,2277.278802546529,Medium,0
8,0.48,0,0.0005475812455928577,1.3961209208914411,2549.6142026922103,Medium,0
9,0.54,0,0.0003705727940391639,1.3673833486228588,3689.918338900905,Medium,0
10,0.6,0,0.00021235542935843274,1.341463194568158,6317.06567908803,Medium,0
11,0.6599999999999999,0,0.00014845926006236583,1.3062551282236177,8798.744703933433,Medium,0
12,0.72,0,0.00010216968696476504,1.2847115633419488,12574.292840742513,Medium,0
13,0.78,0,8.386211919803522e-05,1.2676955741363929,15116.426656746033,Medium,0
14,0.84,0,5.8219925867329717e-05,1.2434997486878818,21358.66252254497,Medium,0
15,0.8999999999999999,0,4.392845881772501e-05,1.2223633714027313,27826.22938070186,Medium,0
16,0.96,0,3.5052859432838565e-05,1.210503115082477,34533.648172178546,Medium,0
17,1.02,0,2.6593113329812356e-05,1.1996239488834983,45110.32363926541,Medium,0
18,1.08,0,2.726742920704898e-05,1.1906135999704985,43664.31433377334,Medium,0
19,1.14,0,2.6868302980123843e-05,1.177751059032893,43834.21833169548,Medium,0
20,1.2,0,2.2358638220023205e-05,1.1715262947900658,52397.0325590272,Medium,0
21,1.26,0,2.1213194214027434e-05,1.1653161261047114,54933.55287975135,Medium,0
22,1.3199999999999998,0,2.1507548454232702e-05,1.15856355912508,53867.76468691734,Medium,0
23,1.38,0,2.0591247325819994e-05,1.1471033297702116,55708.2973954581,Medium,0
24,1.44,0,2.0809244728988522e-05,1.140768794866855,54820.28827685879,Medium,0
25,1.5,0,2.102169200172538e-05,1.136667053160029,54071.14960426286,Medium,0
26,1.56,0,2.2227359549070844e-05,1.1293536665932151,50809.168947844046,Medium,0
27,1.6199999999999999,0,2.3878152748931282e-05,1.1218235576056654,46981.17016844509,Medium,0
28,1.68,0,2.1855072695313426e-05,1.118786638402081,51191.16527313095,Medium,0
29,1.74,0,2.2397057734221374e-05,1.115607462235893,49810.44722366862,Medium,0
30,1.7999999999999998,0,2.1668901097553555e-05,1.1165323360863164,51526.94781612042,Medium,0
31,1.8599999999999999,0,1.2937803991044735e-05,1.1103776433233032,85824.27466762383,Medium,0
32,1.92,0,1.2835241994251515e-05,1.1057481605464703,86149.38160431247,Medium,0
33,1.98,0,1.2655150738141943e-05,1.0978381921825209,86750.30546050279,Medium,0
34,2.04,0,9.264530247895117e-06,1.0906120515953517,117719.08800698629,Medium,0
35,2.1,0,5.8887448637896344e-06,1.0844952083954444,184164.067807402,Medium,0
36,2.16,0,6.4109753981560735e-06,1.0753718344643115,167739.19219431264,Medium,0
37,2.2199999999999998,0,5.1436967461089685e-06,1.0678717690020094,207607.8395970404,Medium,0
38,2.28,0,5.740323991694555e-06,1.0609343787945504,184821.34115244608,Medium,0
39,2.34,0,5.58155637592632e-06,1.0539102904194286,188820.14610925087,Medium,0
40,2.4,0,5.298901895790114e-06,1.0475471399825818,197691.36333979684,Medium,0
41,2.46,0,5.2958520668880174e-06,1.041834602844621,196726.5304404227,Medium,0
42,2.52,0,4.9825813969769155e-06,1.037467909549942,208218.9585862873,Medium,0
43,2.58,0,4.470101416492759e-06,1.033628677191905,231231.59429409323,Medium,0
44,2.6399999999999997,0,3.745229661801442e-06,1.0304740938683032,275143.0985336822,Medium,0
45,2.6999999999999997,0,4.579729631481609e-06,1.0271151429077494,224274.18768287916,Medium,0
46,2.76,0,4.234021543141514e-06,1.0251796224751777,242129.05202048778,Medium,0
47,2.82,0,4.230030252137067e-06,1.0233448333121564,241923.7623171014,Medium,0
48,2.88,0,4.220993336891242e-06,1.0219344476570802,242107.5718659471,Medium,0
49,2.94,0,4.149018151177006e-06,1.0204227517115534,245943.188130444,Medium,0
50,3.0,0,4.06697545937252e-06,1.0190398714139715,250564.54891202998,Medium,0
51,3.06,0,3.84136537688145e-06,1.0180984881212216,265035.57673749543,Medium,0
52,3.12,0,4.125042648115434e-06,1.0170968590007752,246566.38628098692,Medium,0
53,3.1799999999999997,0,4.394351436371574e-06,1.0165870226430853,231339.4905625672,Medium,0
54,3.2399999999999998,0,5.1050222715302945e-06,1.0163679718264795,199091.78016608543,Medium,0
55,3.3,0,4.632205347740197e-06,1.0161480432847352,219365.93199186624,Medium,0
0,0.0,1,0.00776029187234377,1.799149901145142,231.8404939841214,Medium,0
1,0.06,1,0.00802073758054277,1.7550459288115343,218.81353319288735,Medium,0
2,0.12,1,0.007895503622109733,1.6906104971069453,214.12319948441774,Medium,0
3,0.18,1,0.006163495787616315,1.6307765980660296,264.58630852682387,Medium,0
4,0.24,1,0.004079303485741592,1.5730905048141985,385.62723031336816,Medium,0
5,0.3,1,0.002556630928530077,1.5156667764464826,592.837534558775,Medium,0
6,0.36,1,0.0014367849824515255,1.4653811823238025,1019.90290838333,Medium,0
7,0.42,1,0.0008187614897437423,1.4251518417524784,1740.619044257352,Medium,0
8,0.48,1,0.0005557535609750771,1.3945119337110063,2509.2271676394053,Medium,0
9,0.54,1,0.0003979759328725275,1.36759584927721,3436.3782739476706,Medium,0
10,0.6,1,0.0002504974709546245,1.3386031804499758,5343.779221996427,Medium,0
11,0.6599999999999999,1,0.00016094904804209753,1.309203953904964,8134.275845872236,Medium,0
12,0.72,1,0.00011711712985681666,1.285525273502429,10976.406910535356,Medium,0
13,0.78,1,8.798445797798766e-05,1.265472186300976,14382.905974343528,Medium,0
14,0.84,1,6.419932637364172e-05,1.2436960202647636,19372.4154210968,Medium,0
15,0.8999999999999999,1,4.770243813062307e-05,1.2243580169886523,25666.571038486672,Medium,0
16,0.96,1,3.748776709766249e-05,1.2105099276789764,32290.798342973496,Medium,0
17,1.02,1,3.142820992747033e-05,1.1998465221680585,38177.373924160835,Medium,0
18,1.08,1,2.9032538942998288e-05,1.189403945367013,40967.961765323285,Medium,0
19,1.14,1,2.7378099841090176e-05,1.1791930959623178,43070.66972531586,Medium,0
20,1.2,1,2.4532682693747296e-05,1.1713878803116238,47748.05490840911,Medium,0
21,1.26,1,2.2614983672082916e-05,1.165025064734312,51515.62705625466,Medium,0
22,1.3199999999999998,1,2.199534368813727e-05,1.1571375744192016,52608.29704803747,Medium,0
23,1.38,1,2.1522521091282827e-05,1.1480799476924823,53343.190736027864,Medium,0
24,1.44,1,2.1259436412721876e-05,1.1411481273546475,53677.25207765961,Medium,0
25,1.5,1,2.156263161871883e-05,1.1357442205104449,52671.87422172019,Medium,0
26,1.56,1,2.2598478235607812e-05,1.1290548159368408,49961.541842132516,Medium,0
27,1.6199999999999999,1,2.3535415362500394e-05,1.122725517238789,47703.66275445717,Medium,0
28,1.68,1,2.4209922978869746e-05,1.1186325856442147,46205.540869359626,Medium,0
29,1.74,1,2.659653203212498e-05,1.1165535532418298,41981.170774189115,Medium,0
30,1.7999999999999998,1,2.345273324637029e-05,1.1146649858823001,47528.148389903065,Medium,0
31,1.8599999999999999,1,1.6798206230709065e-05,1.1106240844057789,66115.63575016893,Medium,0
32,1.92,1,1.4525748869529245e-05,1.1047732261665835,76056.19759020295,Medium,0
33,1.98,1,1.2760174433440536e-05,1.0978614626916632,86038.12341424599,Medium,0
34,2.04,1,1.0381483438070264e-05,1.0907820221556324,105069.95735846298,Medium,0
35,2.1,1,8.09407695302953e-06,1.083589004206166,133874.3145752512,Medium,0
36,2.16,1,6.577889631513882e-06,1.0755883714033156,163515.7218586187,Medium,0
37,2.2199999999999998,1,6.0062393353235635e-06,1.067864710458895,177792.56716904836,Medium,0
38,2.28,1,6.023108616567258e-06,1.060776688713719,176117.80830183436,Medium,0
39,2.34,1,5.915779387561727e-06,1.0539384671507364,178157.16207516188,Medium,0
40,2.4,1,5.544841162249563e-06,1.0475627190210615,188925.64969274274,Medium,0
41,2.46,1,5.373576812900805e-06,1.042025474183851,193916.54952845775,Medium,0
42,2.52,1,5.037186212976924e-06,1.037493155087382,205966.80591528787,Medium,0
43,2.58,1,4.506170966879697e-06,1.0337276769275405,229402.67569194036,Medium,0
44,2.6399999999999997,1,4.296923708719413e-06,1.0303567247490952,239789.39227109673,Medium,0
45,2.6999999999999997,1,4.450378114314438e-06,1.0273950421301663,230855.67467303443,Medium,0
46,2.76,1,4.501945129178557e-06,1.0251458087848238,227711.75111409588,Medium,0
47,2.82,1,4.418655653012052e-06,1.0234038068874916,231609.7671448715,Medium,0
48,2.88,1,4.38922229086906e-06,1.0218529007815822,232809.55783610058,Medium,0
49,2.94,1,4.39761608080907e-06,1.0204073419474589,232036.47685400612,Medium,0
50,3.0,1,4.349515695959157e-06,1.0191192881380982,234306.38245193448,Medium,0
51,3.06,1,4.210851260008821e-06,1.0180596525317833,241770.50901808648,Medium,0
52,3.12,1,4.381556710388813e-06,1.0171860221239704,232151.74180267696,Medium,0
53,3.1799999999999997,1,4.722581450376267e-06,1.016619171925921,215267.68412748558,Medium,0
54,3.2399999999999998,1,5.029928584050751e-06,1.0163371425189824,202057.96673568196,Medium,0
55,3.3,1,4.958813644018201e-06,1.0162016672149188,204928.38411880212,Medium,0
0,0.0,2,0.00795904132172665,1.7761025955313836,223.15534292842096,Medium,0
1,0.06,2,0.008174790599712819,1.7378678555723721,212.58866932119625,Medium,0
2,0.12,2,0.008003191735414673,1.6902871381536109,211.20162980401608,Medium,0
3,0.18,2,0.006524387234693888,1.6297495190534512,249.7934994396322,Medium,0
4,0.24,2,0.004585238685900521,1.5718396086118092,342.8043153882417,Medium,0
5,0.3,2,0.0028978684253017414,1.5166079792726834,523.3529466110133,Medium,0
6,0.36,2,0.0017565900380227353,1.4683595071100215,835.9147412465383,Medium,0
7,0.42,2,0.0010356015103741058,1.4274975374993994,1378.423576249636,Medium,0
8,0.48,2,0.0006534332883570539,1.3951965623244158,2135.178276320141,Medium,0
9,0.54,2,0.00043064355351442194,1.3657706973747348,3171.4643960855115,Medium,0
10,0.6,2,0.00029112079561529334,1.337911535612347,4595.72643302457,Medium,0
11,0.6599999999999999,2,0.00019234365432482442,1.3106940043666095,6814.334525188688,Medium,0
12,0.72,2,0.00013213277464399977,1.2864570304618144,9736.093364631643,Medium,0
13,0.78,2,9.638050140743542e-05,1.2642991848276517,13117.790075432367,Medium,0
14,0.84,2,7.026247002299516e-05,1.2439992220117533,17705.031172468363,Medium,0
15,0.8999999999999999,2,5.2893650376575935e-05,1.22598564321489,23178.314116845682,Medium,0
16,0.96,2,4.23203791590403e-05,1.2115062837821338,28627.018657590095,Medium,0
17,1.02,2,3.615872760062965e-05,1.1995385253098432,33174.24602321889,Medium,0
18,1.08,2,3.219173887915053e-05,1.1892588394108432,36942.98229354379,Medium,0
19,1.14,2,2.9286713237663693e-05,1.179771676184584,40283.51241092353,Medium,0
20,1.2,2,2.6824909287808015e-05,1.1717827519010502,43682.636139747476,Medium,0
21,1.26,2,2.4585437051629234e-05,1.164109583699784,47349.55824682565,Medium,0
22,1.3199999999999998,2,2.3132193421402374e-05,1.1564051147882197,49991.157073686336,Medium,0
23,1.38,2,2.2422934020136326e-05,1.1485127303151983,51220.44819307797,Medium,0
24,1.44,2,2.2157114347577215e-05,1.1415095954305552,51518.87459367534,Medium,0
25,1.5,2,2.2220147458632873e-05,1.1350745822285755,51083.125543686765,Medium,0
26,1.56,2,2.2824229850591448e-05,1.1289856829112492,49464.34952248755,Medium,0
27,1.6199999999999999,2,2.3870764527088647e-05,1.1233504955977405,47059.678139883516,Medium,0
28,1.68,2,2.523874026050907e-05,1.1193688139692428,44351.21572690827,Medium,0
29,1.74,2,2.7401373916943514e-05,1.1163985966783487,40742.43138545797,Medium,0
30,1.7999999999999998,2,2.5499558536184857e-05,1.1137713190181247,43678.062796171165,Medium,0
31,1.8599999999999999,2,1.922988216111788e-05,1.1096011033570998,57701.919026871255,Medium,0
32,1.92,2,1.580404308007099e-05,1.1041851869100494,69867.25999895777,Medium,0
33,1.98,2,1.3470174268865705e-05,1.097580121978381,81482.25108826345,Medium,0
34,2.04,2,1.1576044122533801e-05,1.0905242479836375,94205.26014243803,Medium,0
35,2.1,2,9.291651069821761e-06,1.0830970889317273,116566.69851168916,Medium,0
36,2.16,2,7.597526323936982e-06,1.0754178889421242,141548.4255123779,Medium,0
37,2.2199999999999998,2,6.6054444762088845e-06,1.0679004324149695,161669.73112275376,Medium,0
38,2.28,2,6.412618963432462e-06,1.0606713883572731,165403.7756501177,Medium,0
39,2.34,2,6.158745550722881e-06,1.0539057511369534,171123.44428862652,Medium,0
40,2.4,2,5.818859963167589e-06,1.0476932683736413,180051.29441254208,Medium,0
41,2.46,2,5.44869787843188e-06,1.0422218596840922,191279.0694102571,Medium,0
42,2.52,2,5.096354344789066e-06,1.037655170614726,203607.3436839631,Medium,0
43,2.58,2,4.734624278646902e-06,1.0337654981746787,218341.61220288347,Medium,0
44,2.6399999999999997,2,4.521127826738125e-06,1.0304416748680398,227916.95222018892,Medium,0
45,2.6999999999999997,2,4.561955392439173e-06,1.0275796902432788,225249.83298748467,Medium,0
46,2.76,2,4.570253839331905e-06,1.0252944321515827,224340.80648383935,Medium,0
47,2.82,2,4.5763119436471945e-06,1.0234145304442954,223633.03530149264,Medium,0
48,2.88,2,4.561815189229989e-06,1.0218405345532058,223998.66986406507,Medium,0
49,2.94,2,4.630262352437062e-06,1.0204200034520556,220380.60174170785,Medium,0
50,3.0,2,4.620955916113201e-06,1.0191636180812345,220552.5515894724,Medium,0
51,3.06,2,4.609901392184505e-06,1.0181039917196504,220851.5768787842,Medium,0
52,3.12,2,4.741124382125342e-06,1.017268039531841,214562.61374771653,Medium,0
53,3.1799999999999997,2,4.970734810977134e-06,1.0166993068226138,204537.02430018663,Medium,0
54,3.2399999999999998,2,5.0619551380949554e-06,1.0164060716464152,200793.18048419827,Medium,0
55,3.3,2,5.018012601228685e-06,1.0162634565580024,202523.09775172055,Medium,0
0,0.0,4,0.008265651850874403,1.731894146888798,209.52904600084085,Medium,0
1,0.06,4,0.008165063960070051,1.6993245245190862,208.1213978028051,Medium,0
2,0.12,4,0.007688877310614,1.661004661143807,216.02694308191093,Medium,0
3,0.18,4,0.0068096158428277535,1.6183934643999192,237.66296098839356,Medium,0
4,0.24,4,0.005639696046981006,1.5716622891601393,278.6785450966756,Medium,0
5,0.3,4,0.004066355830123887,1.5198035514211279,373.7507524949741,Medium,0
6,0.36,4,0.002667214831209704,1.4735399839523056,552.4639285557615,Medium,0
7,0.42,4,0.0016600396985229347,1.4326537843719875,863.0238093984922,Medium,0
8,0.48,4,0.0010428633211494436,1.3971016325789085,1339.6785602153727,Medium,0
9,0.54,4,0.0006529020781943839,1.3657255326445519,2091.7769727759146,Medium,0
10,0.6,4,0.00041663539654266106,1.3376006190618162,3210.4824269890223,Medium,0
11,0.6599999999999999,4,0.00027512445874576784,1.3113360361256055,4766.337540848601,Medium,0
12,0.72,4,0.00018960536875814,1.2874312437843112,6790.0569072311155,Medium,0
13,0.78,4,0.00013076231254539856,1.2654912168222445,9677.797770537949,Medium,0
14,0.84,4,9.334150887174506e-05,1.2456373339258322,13344.945340849239,Medium,0
15,0.8999999999999999,4,7.103450032211682e-05,1.2281490893520521,17289.473196585066,Medium,0
16,0.96,4,5.690108240727747e-05,1.2134099107665102,21324.900325820847,Medium,0
17,1.02,4,4.790238171327925e-05,1.200754167616764,25066.690312058057,Medium,0
18,1.08,4,4.182544284090263e-05,1.1898479866832097,28447.947131347857,Medium,0
19,1.14,4,3.6959972376378265e-05,1.1801271348104743,31929.87058520404,Medium,0
20,1.2,4,3.254157979609024e-05,1.1714541297588266,35998.68651427835,Medium,0
21,1.26,4,2.9099458142997945e-05,1.163415937243971,39980.673575666486,Medium,0
22,1.3199999999999998,4,2.67703485758162e-05,1.15574623276144,43172.62546986475,Medium,0
23,1.38,4,2.521170688526006e-05,1.1482530619174174,45544.439618594,Medium,0
24,1.44,4,2.4424491594379026e-05,1.1413913258645658,46731.42617745386,Medium,0
25,1.5,4,2.4206823383526306e-05,1.1350439903614937,46889.423381918656,Medium,0
26,1.56,4,2.4379998042353065e-05,1.1293404507891003,46322.41761575222,Medium,0
27,1.6199999999999999,4,2.505061256796976e-05,1.124293756872174,44880.88879350278,Medium,0
28,1.68,4,2.6125779938798192e-05,1.1200388582275367,42871.02091693801,Medium,0
29,1.74,4,2.696505632843275e-05,1.116040672522281,41388.40501310189,Medium,0
30,1.7999999999999998,4,2.5873997227419915e-05,1.1120329445243393,42978.784250075776,Medium,0
31,1.8599999999999999,4,2.23306828070447e-05,1.1075088353315121,49595.83389819698,Medium,0
32,1.92,4,1.8796736522518695e-05,1.102294270798656,58642.85374634557,Medium,0
33,1.98,4,1.58222216268928e-05,1.0961937521502487,69281.9110994542,Medium,0
34,2.04,4,1.3437389491128662e-05,1.0894577507238776,81076.59240235132,Medium,0
35,2.1,4,1.138384508089881e-05,1.08226575816342,95070.31679299433,Medium,0
36,2.16,4,9.76166840189699e-06,1.0748741861498914,110111.72905043676,Medium,0
37,2.2199999999999998,4,8.374425157850469e-06,1.0675645309272475,127479.14164908101,Medium,0
38,2.28,4,7.402485133220066e-06,1.0605746828964446,143272.78796372222,Medium,0
39,2.34,4,6.693407030546942e-06,1.0540097187997692,157469.83770590182,Medium,0
40,2.4,4,6.167676768163751e-06,1.0480200711272945,169921.3675620865,Medium,0
41,2.46,4,5.721796389968209e-06,1.0427092894299816,182234.60227597773,Medium,0
42,2.52,4,5.367071316849497e-06,1.0380943350952645,193419.14310626898,Medium,0
43,2.58,4,5.069936689708254e-06,1.0341422065641273,203975.3688963,Medium,0
44,2.6399999999999997,4,4.8967815553034694e-06,1.0308046654630014,210506.56514309614,Medium,0
45,2.6999999999999997,4,4.8628654737865295e-06,1.027976517427605,211393.16375683298,Medium,0
46,2.76,4,4.860032159397197e-06,1.0256188062511629,211031.27975564118,Medium,0
47,2.82,4,4.910101985215615e-06,1.0236315531720708,208474.60119041102,Medium,0
48,2.88,4,4.97562083002198e-06,1.0219466147425003,205390.77426805967,Medium,0
49,2.94,4,5.0725276030160915e-06,1.0205040836080972,201182.55896750806,Medium,0
50,3.0,4,5.192275789616102e-06,1.0192961848997126,196310.10104243245,Medium,0
51,3.06,4,5.321875375191926e-06,1.018291094787613,191340.65024040322,Medium,0
52,3.12,4,5.339162246591328e-06,1.017565817812832,190585.29612252835,Medium,0
53,3.1799999999999997,4,5.317814990281059e-06,1.0170518890974445,191253.7181071978,Medium,0
54,3.2399999999999998,4,5.276069905877841e-06,1.01670354777315,192700.9243453133,Medium,0
55,3.3,4,5.19318946872465e-06,1.0164751756557484,195732.34941211873,Medium,0
0,0.0,6,0.008121449880923181,1.688715631381172,207.9327775386348,Medium,0
1,0.06,6,0.007765149708961517,1.6597470801554146,213.74308833221235,Medium,0
2,0.12,6,0.0072095979791126355,1.6268518838143224,225.6508460704153,Medium,0
3,0.18,6,0.006503330398535636,1.591896589677662,244.7817490613904,Medium,0
4,0.24,6,0.005711164355601912,1.5554375278790884,272.35033541862714,Medium,0
5,0.3,6,0.004844679812791215,1.5172377476750434,313.17606246529255,Medium,0
6,0.36,6,0.003867374202905333,1.477898433720215,382.1451859015753,Medium,0
7,0.42,6,0.0026730824371029097,1.4371400308378415,537.6340104181058,Medium,0
8,0.48,6,0.0017385665027147312,1.4009004767724793,805.7790568177898,Medium,0
9,0.54,6,0.0011017011029840285,1.3684113095229682,1242.0894431498143,Medium,0
10,0.6,6,0.0007029899399803865,1.3391072814946998,1904.8740320979005,Medium,0
11,0.6599999999999999,6,0.000447681626490019,1.312552823340043,2931.8889712560185,Medium,0
12,0.72,6,0.00029170777353167734,1.2889150890365282,4418.514712281267,Medium,0
13,0.78,6,0.00019849773815681901,1.2675426174792124,6385.67788857028,Medium,0
14,0.84,6,0.0001416886199184973,1.2481421408293691,8809.050024958466,Medium,0
15,0.8999999999999999,6,0.0001037307797585294,1.230788259415293,11865.21746274726,Medium,0
16,0.96,6,8.003281797261612e-05,1.215687255401493,15189.859437630326,Medium,0
17,1.02,6,6.52116583290606e-05,1.202472850322446,18439.53797731566,Medium,0
18,1.08,6,5.479851283351177e-05,1.1908867031438084,21732.098948778905,Medium,0
19,1.14,6,4.6894818384244434e-05,1.1805464043129428,25174.346441430698,Medium,0
20,1.2,6,4.054604119314024e-05,1.1713630840897022,28889.70290613424,Medium,0
21,1.26,6,3.556556182513842e-05,1.1630067349361695,32700.361677237273,Medium,0
22,1.3199999999999998,6,3.177345550814115e-05,1.155256548362177,36359.17245658633,Medium,0
23,1.38,6,2.9189169172356114e-05,1.147949123240291,39327.91359911221,Medium,0
24,1.44,6,2.760595112677384e-05,1.1413507689924072,41344.374035548426,Medium,0
25,1.5,6,2.6634603093375874e-05,1.1353464797508765,42626.74670880459,Medium,0
26,1.56,6,2.6180672507962594e-05,1.1298092411190264,43154.32465592341,Medium,0
27,1.6199999999999999,6,2.6110901068923163e-05,1.1246345459822598,43071.45674573385,Medium,0
28,1.68,6,2.6242526627291455e-05,1.1198319595641721,42672.41395878322,Medium,0
29,1.74,6,2.6213799918938835e-05,1.1152284196706974,42543.56190706148,Medium,0
30,1.7999999999999998,6,2.516462749647782e-05,1.1106106146131562,44133.7991102234,Medium,0
31,1.8599999999999999,6,2.2936994829517063e-05,1.1055685582694723,48200.23575393333,Medium,0
32,1.92,6,2.0443520222026607e-05,1.1001089419290766,53812.10916619822,Medium,0
33,1.98,6,1.7925798068412813e-05,1.0941666480875551,61038.65746516439,Medium,0
34,2.04,6,1.5587853961997007e-05,1.087796461145217,69784.87634008192,Medium,0
35,2.1,6,1.345516196369061e-05,1.0810619240181065,80345.51549326594,Medium,0
36,2.16,6,1.1646608879471873e-05,1.0740901953538304,92223.42799258973,Medium,0
37,2.2199999999999998,6,1.0025887771080844e-05,1.067141521720452,106438.6063445241,Medium,0
38,2.28,6,8.685143449201743e-06,1.0604762247830224,122102.3269201721,Medium,0
39,2.34,6,7.602259562624392e-06,1.05419356066357,138668.4513965279,Medium,0
40,2.4,6,6.751665985713821e-06,1.0484376919138572,155285.77600436658,Medium,0
41,2.46,6,6.123062984947565e-06,1.0432674467090752,170383.26231067005,Medium,0
42,2.52,6,5.695360956309816e-06,1.038717403562249,182379.55619151192,Medium,0
43,2.58,6,5.406192359886764e-06,1.0347739832489804,191405.32085518586,Medium,0
44,2.6399999999999997,6,5.24662391791046e-06,1.03137876707493,196579.51155105676,Medium,0
45,2.6999999999999997,6,5.19885156377194e-06,1.0284816460051425,197828.62299283358,Medium,0
46,2.76,6,5.225656066493611e-06,1.0260453831034497,196347.6681296251,Medium,0
47,2.82,6,5.311066535384775e-06,1.0239874567154175,192802.60375070444,Medium,0
48,2.88,6,5.427257087522281e-06,1.0222516006085338,188355.10905845533,Medium,0
49,2.94,6,5.5834912303085205e-06,1.0207809426902412,182821.26730121812,Medium,0
50,3.0,6,5.656260322073736e-06,1.0196489083010771,180269.09127959772,Medium,0
51,3.06,6,5.669788776544283e-06,1.0187704883211053,179684.02853660492,Medium,0
52,3.12,6,5.6544596362088744e-06,1.018084293013939,180049.79405892984,Medium,0
53,3.1799999999999997,6,5.617143492386802e-06,1.0175505161204688,181150.8852318988,Medium,0
54,3.2399999999999998,6,5.564051649130476e-06,1.017144942975867,182806.52429508299,Medium,0
55,3.3,6,5.472621904332297e-06,1.0168410784323765,185805.10333217314,Medium,0
0,0.0,8,0.007663095712879769,1.6479526751243192,215.0505144225875,Medium,0
1,0.06,8,0.007257539245992837,1.6225576403657924,223.56856578649135,Medium,0
2,0.12,8,0.006745928463854305,1.5942055432892865,236.32114568532393,Medium,0
3,0.18,8,0.006157238203813772,1.5641862425000403,254.0402353657828,Medium,0
4,0.24,8,0.0055314796163102,1.533191986900594,277.17574559613354,Medium,0
5,0.3,8,0.004883180821002948,1.5015504086825011,307.4943287424897,Medium,0
6,0.36,8,0.004213050247497759,1.469752556871431,348.8571155172801,Medium,0
7,0.42,8,0.0035119054606061835,1.4376884078663794,409.3756007937135,Medium,0
8,0.48,8,0.0027558418685066917,1.405421582363033,509.9790370499701,Medium,0
9,0.54,8,0.001877744010735412,1.3724964856101831,730.9284320777301,Medium,0
10,0.6,8,0.001221932437871298,1.3427677751975269,1098.8887221430455,Medium,0
11,0.6599999999999999,8,0.0007832846566252448,1.315903408400457,1679.9810864034819,Medium,0
12,0.72,8,0.0005092332079069372,1.2918305119299407,2536.815140630074,Medium,0
13,0.78,8,0.0003344104167671721,1.2702899784993682,3798.595721926292,Medium,0
14,0.84,8,0.00022587213077857678,1.2510017057895433,5538.5394447618,Medium,0
15,0.8999999999999999,8,0.00015985672595746046,1.2336906674384212,7717.477385134981,Medium,0
16,0.96,8,0.00011935724541296984,1.2182729861830373,10206.946230770292,Medium,0
17,1.02,8,9.162893009043642e-05,1.2045265862671726,13145.701745925904,Medium,0
18,1.08,8,7.311880494787902e-05,1.1923177246147052,16306.581124576915,Medium,0
19,1.14,8,6.044273613534466e-05,1.1814107524913524,19545.950895504007,Medium,0
20,1.2,8,5.104479982118542e-05,1.1717515958910685,22955.356862909073,Medium,0
21,1.26,8,4.400820827569133e-05,1.1630342326651895,26427.66607036831,Medium,0
22,1.3199999999999998,8,3.852828161399517e-05,1.1551712016487818,29982.4220872901,Medium,0
23,1.38,8,3.432894877089545e-05,1.1479971389661419,33441.08048946227,Medium,0
24,1.44,8,3.1242795583209626e-05,1.1414902157225102,36536.10998677612,Medium,0
25,1.5,8,2.9141258640405833e-05,1.1354725010563302,38964.428924217435,Medium,0
26,1.56,8,2.7780395321521495e-05,1.1297793220486918,40668.22336302215,Medium,0
27,1.6199999999999999,8,2.682889966875816e-05,1.1243898967941788,41909.65379409553,Medium,0
28,1.68,8,2.6132254712809136e-05,1.119245053582595,42830.022356776564,Medium,0
29,1.74,8,2.546237592981186e-05,1.1141689462600293,43757.46196393,Medium,0
30,1.7999999999999998,8,2.4445483348544597e-05,1.1090634975426377,45368.851240516284,Medium,0
31,1.8599999999999999,8,2.287335599042636e-05,1.1037048576675335,48252.860582832225,Medium,0
32,1.92,8,2.1007274637873496e-05,1.098080417466035,52271.43627123973,Medium,0
33,1.98,8,1.903995683651341e-05,1.092116077147577,57359.16769796443,Medium,0
34,2.04,8,1.7090275451953487e-05,1.0859049594093628,63539.348003032894,Medium,0
35,2.1,8,1.515486074507395e-05,1.0795324713504129,71233.41411773198,Medium,0
36,2.16,8,1.3331780850077155e-05,1.0730594480853388,80488.83042351605,Medium,0
37,2.2199999999999998,8,1.1610759197061155e-05,1.0666191979104536,91864.72476153237,Medium,0
38,2.28,8,1.009711520497831e-05,1.0603616377500678,105016.29586510651,Medium,0
39,2.34,8,8.789534577796074e-06,1.0544053951441816,119961.45937098844,Medium,0
40,2.4,8,7.72114626283856e-06,1.0489000070077479,135847.70593662295,Medium,0
41,2.46,8,6.89966694390224e-06,1.043898907900798,151296.999752049,Medium,0
42,2.52,8,6.302640573867418e-06,1.03944425046752,164922.02566291954,Medium,0
43,2.58,8,5.9264323384414176e-06,1.0355229311552265,174729.56274863283,Medium,0
44,2.6399999999999997,8,5.724067664801172e-06,1.0321027044001743,180309.31233515125,Medium,0
45,2.6999999999999997,8,5.642779039504479e-06,1.0291516952006226,182383.83746654692,Medium,0
46,2.76,8,5.654023585957632e-06,1.0266409004912513,181577.04595379176,Medium,0
47,2.82,8,5.752825166417703e-06,1.024514359807927,178088.90939160844,Medium,0
48,2.88,8,5.831415082662265e-06,1.0228307268438703,175400.08940281247,Medium,0
49,2.94,8,5.8810629699807415e-06,1.0214758117497733,173688.97713964083,Medium,0
50,3.0,8,5.903275771482282e-06,1.0203739693315932,172848.772246224,Medium,0
51,3.06,8,5.8987759756402594e-06,1.019475244098333,172828.26951021445,Medium,0
52,3.12,8,5.8776432676223555e-06,1.0187431579883452,173325.10865370207,Medium,0
53,3.1799999999999997,8,5.850899115720622e-06,1.018157159463393,174017.2133079058,Medium,0
54,3.2399999999999998,8,5.814756694587878e-06,1.017699219821303,175020.08652718578,Medium,0
55,3.3,8,5.742763259411869e-06,1.0173402841028572,177151.7017414097,Medium,0
0,0.0,0,-4.770371387204087e-16,4.776975641274719,47769756412.747185,Large,0
1,0.06,0,-2.1047639553522721e-16,4.538092727210156,45380927272.101555,Large,0
2,0.12,0,-3.408162090783723e-16,4.3861152040036995,43861152040.036995,Large,0
3,0.18,0,-2.467069677849511e-16,4.280067034217174,42800670342.17174,Large,0
4,0.24,0,-2.7946398535407137e-16,4.216994963482621,42169949634.82621,Large,0
5,0.3,0,-2.3769559440358773e-16,4.170109957193956,41701099571.93956,Large,0
6,0.36,0,-2.025493189593008e-16,4.147082265576678,41470822655.76678,Large,0
7,0.42,0,-2.1176249748798179e-16,4.120827494056597,41208274940.56596,Large,0
8,0.48,0,-2.1921323874245422e-16,4.081909852992503,40819098529.925026,Large,0
9,0.54,0,-2.1063988812922711e-16,4.024974987201796,40249749872.01796,Large,0
10,0.6,0,-1.6211838931703502e-16,3.9625075664529676,39625075664.52968,Large,0
11,0.6599999999999999,0,-1.976238495384314e-16,3.893217705083604,38932177050.83604,Large,0
12,0.72,0,-1.924892675091826e-16,3.804962492340753,38049624923.407524,Large,0
13,0.78,0,-1.836063470714908e-16,3.7261852752197697,37261852752.19769,Large,0
14,0.84,0,-1.935143496178657e-16,3.633996353246327,36339963532.46327,Large,0
15,0.8999999999999999,0,-1.8843678041098019e-16,3.5289372498616833,35289372498.61683,Large,0
16,0.96,0,-1.2947168340474655e-16,3.404810014004262,34048100140.042618,Large,0
17,1.02,0,-1.2913079356512758e-16,3.287248871731016,32872488717.31016,Large,0
18,1.08,0,-9.86677622664849e-17,3.173568595146695,31735685951.46695,Large,0
19,1.14,0,-1.1452878702726076e-16,3.075743557942129,30757435579.42129,Large,0
20,1.2,0,-1.2330639628588044e-16,2.9479566957833434,29479566957.83343,Large,0
21,1.26,0,-1.5544613715986004e-16,2.839955486231368,28399554862.31368,Large,0
22,1.3199999999999998,0,-1.3913787017280062e-16,2.7284264774165514,27284264774.165512,Large,0
23,1.38,0,-8.118417109308119e-17,2.6345486523381902,26345486523.3819,Large,0
24,1.44,0,-1.0603378031550141e-16,2.54856676042231,25485667604.2231,Large,0
25,1.5,0,-8.635155856223368e-17,2.4596298428854,24596298428.854,Large,0
26,1.56,0,-7.503401408649435e-17,2.3741880512891953,23741880512.891953,Large,0
27,1.6199999999999999,0,-1.059001210683948e-16,2.296211818651197,22962118186.51197,Large,0
28,1.68,0,-6.206553994690327e-17,2.240111745534665,22401117455.34665,Large,0
29,1.74,0,-9.214998569254454e-17,2.1786543697832954,21786543697.832954,Large,0
30,1.7999999999999998,0,-7.419360020567907e-17,2.1127756211726245,21127756211.726246,Large,0
31,1.8599999999999999,0,-5.063465631071249e-17,2.0553943039697478,20553943039.697475,Large,0
32,1.92,0,-5.427636819969396e-17,1.9918735047774807,19918735047.774807,Large,0
33,1.98,0,-6.162927317477802e-17,1.926792017783745,19267920177.83745,Large,0
34,2.04,0,-8.271273731416383e-17,1.870398096564493,18703980965.64493,Large,0
35,2.1,0,-5.902804551130286e-17,1.8155600549482327,18155600549.482327,Large,0
36,2.16,0,-6.309742479862995e-17,1.767771369501682,17677713695.01682,Large,0
37,2.2199999999999998,0,-4.8752201183797093e-17,1.7094991472269014,17094991472.269014,Large,0
38,2.28,0,-4.956352182509352e-17,1.6660824651931057,16660824651.931055,Large,0
39,2.34,0,-5.661896582656462e-17,1.6148387472776426,16148387472.776426,Large,0
40,2.4,0,-4.258070243376003e-17,1.5747680596829983,15747680596.829983,Large,0
41,2.46,0,-5.4590480341256275e-17,1.5351986609606754,15351986609.606752,Large,0
42,2.52,0,-4.0124212687552197e-17,1.502181639794872,15021816397.948719,Large,0
43,2.58,0,-6.283976304390145e-17,1.4695191436152544,14695191436.152544,Large,0
44,2.6399999999999997,0,-2.899498563184916e-17,1.4377846762464137,14377846762.464136,Large,0
45,2.6999999999999997,0,-5.094074809424582e-17,1.4065041840655685,14065041840.655685,Large,0
46,2.76,0,-2.536346256095712e-17,1.3821061851396057,13821061851.396057,Large,0
47,2.82,0,-2.2128663915835164e-17,1.3596853392421262,13596853392.42126,Large,0
0,0.0,1,0.00013387254670634734,4.690590190911669,35037.730336157656,Large,0
1,0.06,1,0.00025395928033988536,4.54731439537751,17905.683105148317,Large,0
2,0.12,1,0.00023378055593175075,4.388232181519797,18770.732082615483,Large,0
3,0.18,1,0.00019770557433283124,4.282627786980685,21661.64409593739,Large,0
4,0.24,1,0.00014305604316780133,4.2136882904808,29454.808040078697,Large,0
5,0.3,1,0.0001283365184686025,4.168664738746385,32482.295674603698,Large,0
6,0.36,1,0.00011209882110020836,4.139426599565697,36926.58458794446,Large,0
7,0.42,1,7.67113532969509e-05,4.111754887125569,53600.34350077098,Large,0
8,0.48,1,4.5816067971359996e-05,4.07202921051557,88877.75382778437,Large,0
9,0.54,1,3.664785191382879e-05,4.018968038934455,109664.49134274982,Large,0
10,0.6,1,2.4286047868966404e-05,3.9567340141476732,162922.10389668762,Large,0
11,0.6599999999999999,1,1.721837750899573e-05,3.8845953733686835,225607.51565234177,Large,0
12,0.72,1,1.2611739457469559e-05,3.803650126485117,301595.99627887394,Large,0
13,0.78,1,1.062829699646608e-05,3.7190398557220723,349918.69882434193,Large,0
14,0.84,1,8.281707889332109e-06,3.626698918166537,437916.78801400197,Large,0
15,0.8999999999999999,1,6.813694905530644e-06,3.5201117481352355,516623.0359504323,Large,0
16,0.96,1,5.58052830653418e-06,3.40253965589815,609716.404791667,Large,0
17,1.02,1,5.066090286279633e-06,3.284247334971252,648280.4587722998,Large,0
18,1.08,1,4.609429820353965e-06,3.1734861501559832,688476.9426671271,Large,0
19,1.14,1,3.7627091250807412e-06,3.0646082761059796,814468.5582200614,Large,0
20,1.2,1,3.372500416833964e-06,2.949670379438013,874624.1704566206,Large,0
21,1.26,1,2.9689608830558067e-06,2.8358795586970693,955175.7905877954,Large,0
22,1.3199999999999998,1,2.432271652412284e-06,2.729424222059045,1122170.798377743,Large,0
23,1.38,1,2.456767038923209e-06,2.6334852175096994,1071931.1907831298,Large,0
24,1.44,1,2.3373382485879276e-06,2.54516675565531,1088916.744160987,Large,0
25,1.5,1,2.4901263050444448e-06,2.457764240496683,987003.8461574406,Large,0
26,1.56,1,2.6584504614632442e-06,2.3735651939021087,892837.8498336467,Large,0
27,1.6199999999999999,1,3.011657030937121e-06,2.299658489593738,763585.7821692816,Large,0
28,1.68,1,2.9409307467254287e-06,2.236796650744937,760574.4042886737,Large,0
29,1.74,1,3.2875780414347875e-06,2.1756449082908276,661777.4181693092,Large,0
30,1.7999999999999998,1,3.4862209773734208e-06,2.11314353852158,606141.5935009544,Large,0
31,1.8599999999999999,1,3.63220267937877e-06,2.0521715362456314,564993.6739203723,Large,0
32,1.92,1,4.3837792016594225e-06,1.9898232068508035,453905.8915416137,Large,0
33,1.98,1,3.4743253824591807e-06,1.9275463373227937,554797.2987948662,Large,0
34,2.04,1,2.7197961320429778e-06,1.8694249490740948,687340.1013589479,Large,0
35,2.1,1,2.385879090234736e-06,1.8160046641558631,761146.9799910081,Large,0
36,2.16,1,1.9783769384258348e-06,1.7638993701617451,891589.1283919099,Large,0
37,2.2199999999999998,1,1.494715119834708e-06,1.7120558410030617,1145406.1167136573,Large,0
38,2.28,1,1.0965671325140402e-06,1.6630736116817548,1516618.1461858298,Large,0
39,2.34,1,9.058887975366567e-07,1.6166133206912328,1784560.4505621637,Large,0
40,2.4,1,8.218169953408665e-07,1.5739350195179407,1915189.1825565335,Large,0
41,2.46,1,5.157577475411378e-07,1.5359560599370736,2978057.1736628404,Large,0
42,2.52,1,4.938795402552786e-07,1.501484691124046,3040184.030194796,Large,0
43,2.58,1,4.478139204943068e-07,1.4689745903110771,3280323.6413231436,Large,0
44,2.6399999999999997,1,3.4161807200375464e-07,1.4371251069264024,4206818.15366784,Large,0
45,2.6999999999999997,1,3.192741806771225e-07,1.4074998257118527,4408436.105690732,Large,0
46,2.76,1,2.655676723296865e-07,1.3820120464372896,5203992.0157209635,Large,0
47,2.82,1,1.2497196264819772e-07,1.366902097801494,10937670.08884538,Large,0
0,0.0,2,0.00028590146777308884,4.6179215678759125,16152.14361732838,Large,0
1,0.06,2,0.000442163834048264,4.506701453639337,10192.379173976975,Large,0
2,0.12,2,0.0005506429770109521,4.39511505993441,7981.787189573095,Large,0
3,0.18,2,0.000456042499982319,4.28456199256299,9395.093643090513,Large,0
4,0.24,2,0.0003804436674184656,4.2116873632025715,11070.462525454428,Large,0
5,0.3,2,0.0003267508738515769,4.163346720147338,12741.65443254023,Large,0
6,0.36,2,0.0002777705339754478,4.12939949611539,14866.22586282096,Large,0
7,0.42,2,0.00019499768294212907,4.097170174392986,21011.37876396682,Large,0
8,0.48,2,0.00012598724207976835,4.058152294671272,32210.819347103956,Large,0
9,0.54,2,8.697113550156052e-05,4.0076440618128295,46080.16255854128,Large,0
10,0.6,2,6.163216848560909e-05,3.945945228037437,64024.11800517456,Large,0
11,0.6599999999999999,2,4.47288815470083e-05,3.8750582868729184,86634.36582469392,Large,0
12,0.72,2,3.1567842451211416e-05,3.7957935925485993,120242.41436249742,Large,0
13,0.78,2,2.448341262608204e-05,3.7099936251948247,151530.90305893833,Large,0
14,0.84,2,1.9641110026126245e-05,3.614529882399559,184028.79865708086,Large,0
15,0.8999999999999999,2,1.5727801315923094e-05,3.509387426089421,223132.74154451946,Large,0
16,0.96,2,1.2900564102241217e-05,3.3956630717513043,263218.1852545018,Large,0
17,1.02,2,1.0872911231469202e-05,3.281056668806592,301764.3204250863,Large,0
18,1.08,2,9.67655916813413e-06,3.16758772680556,327346.4949438578,Large,0
19,1.14,2,8.75203180418783e-06,3.0569941558963,349289.6534532169,Large,0
20,1.2,2,7.522560196452985e-06,2.944342520983845,391401.65636323555,Large,0
21,1.26,2,6.746781403417756e-06,2.83407389750253,420063.09794872813,Large,0
22,1.3199999999999998,2,6.146871621151696e-06,2.728442697264942,443875.00917966675,Large,0
23,1.38,2,5.628029928446576e-06,2.6318243679518387,467627.99796948896,Large,0
24,1.44,2,5.4077987959704305e-06,2.541231135068583,469919.69023739506,Large,0
25,1.5,2,5.563134269738581e-06,2.4548737844987674,441275.30731235165,Large,0
26,1.56,2,6.0095786117136215e-06,2.374045038547478,395043.5116898359,Large,0
27,1.6199999999999999,2,6.3372299283211324e-06,2.300522211810091,363017.0023544575,Large,0
28,1.68,2,6.393014102528236e-06,2.2345254463924595,349526.12501023186,Large,0
29,1.74,2,6.462091571366452e-06,2.1721388102129273,336135.5663602294,Large,0
30,1.7999999999999998,2,7.190456343749549e-06,2.110740546220714,293547.5087134794,Large,0
31,1.8599999999999999,2,7.7587635708888e-06,2.049039543885966,264093.56660564407,Large,0
32,1.92,2,8.090898205557834e-06,1.987359719192626,245629.05980295988,Large,0
33,1.98,2,7.1737027402769635e-06,1.9268306487518108,268596.3885753955,Large,0
34,2.04,2,5.838524612506499e-06,1.8692992560526842,320166.37423237436,Large,0
35,2.1,2,4.5605993099860225e-06,1.8143179862990553,397824.46625520714,Large,0
36,2.16,2,3.812228721654437e-06,1.7623634946427762,462292.1716716784,Large,0
37,2.2199999999999998,2,3.0567606996319166e-06,1.7111081433040392,559778.2461381698,Large,0
38,2.28,2,2.2106606234357174e-06,1.6627231468683763,752138.5821240352,Large,0
39,2.34,2,1.8684395798169562e-06,1.616386458798054,865099.6672616008,Large,0
40,2.4,2,1.5920582444518522e-06,1.5744951932806446,988968.3362826625,Large,0
41,2.46,2,1.325882005270825e-06,1.5359523960517367,1158438.2244768476,Large,0
42,2.52,2,1.023784191021409e-06,1.5010778355462229,1466205.3279496606,Large,0
43,2.58,2,8.638560512724692e-07,1.468029634194195,1699391.5039800573,Large,0
44,2.6399999999999997,2,7.330811628040655e-07,1.4369346989271334,1960130.4355315848,Large,0
45,2.6999999999999997,2,6.131021558417924e-07,1.4080634742025713,2296621.3065574574,Large,0
46,2.76,2,4.392991436769874e-07,1.388379969480456,3160443.1501039276,Large,0
47,2.82,2,2.785184886514047e-07,1.3743188239312807,4934389.92357662,Large,0
0,0.0,4,0.000648104086011511,4.499551020472284,6942.636402993403,Large,0
1,0.06,4,0.0007767101734263821,4.422971402014417,5694.49397386274,Large,0
2,0.12,4,0.0008911805839989601,4.346477195654936,4877.212625247239,Large,0
3,0.18,4,0.0009825579733519466,4.274402703421762,4350.280410264093,Large,0
4,0.24,4,0.0010185882607367928,4.207833077648109,4131.044151838531,Large,0
5,0.3,4,0.0009114777450147356,4.14711510067986,4549.880809885068,Large,0
6,0.36,4,0.0008055420839205821,4.101380630794628,5091.454205388207,Large,0
7,0.42,4,0.0006164900086811108,4.061373184787563,6587.897820884835,Large,0
8,0.48,4,0.0004218321801310285,4.019346185932063,9528.306220458533,Large,0
9,0.54,4,0.00028594942309840253,3.9705790757740713,13885.599183068445,Large,0
10,0.6,4,0.00019384210286567478,3.9129026102648075,20186.030549701067,Large,0
11,0.6599999999999999,4,0.0001339934557948684,3.8450250943286735,28695.618539871466,Large,0
12,0.72,4,9.590911928525941e-05,3.7668422520951452,39275.12086615609,Large,0
13,0.78,4,7.245055856451345e-05,3.6798025773349474,50790.53426562992,Large,0
14,0.84,4,5.6565521782831173e-05,3.584252585039744,63364.61632583472,Large,0
15,0.8999999999999999,4,4.409934094463404e-05,3.481700670516771,78951.30847619663,Large,0
16,0.96,4,3.444349048069595e-05,3.3734009683715174,97940.15999226789,Large,0
17,1.02,4,2.76028514613356e-05,3.2626009935073617,118197.96944085343,Large,0
18,1.08,4,2.3243081238720162e-05,3.1508321641920984,135560.00307494486,Large,0
19,1.14,4,2.050505521963616e-05,3.039919443206877,148252.19491707455,Large,0
20,1.2,4,1.8765131693781057e-05,2.930362820181201,156159.99226652647,Large,0
21,1.26,4,1.7075749830102216e-05,2.824463132276623,165407.85384999492,Large,0
22,1.3199999999999998,4,1.537385956051397e-05,2.7223726163060036,177078.02036244117,Large,0
23,1.38,4,1.4281903476719837e-05,2.6253951091936134,183826.69463304584,Large,0
24,1.44,4,1.361056536609449e-05,2.534375227442502,186206.4623528371,Large,0
25,1.5,4,1.3283643090594192e-05,2.4497688586005975,184419.95481911255,Large,0
26,1.56,4,1.3405770216989163e-05,2.370949320791241,176860.35807077552,Large,0
27,1.6199999999999999,4,1.3551645005908696e-05,2.2979006392711714,169566.1772625579,Large,0
28,1.68,4,1.359720824030582e-05,2.229803333155756,163989.79067967884,Large,0
29,1.74,4,1.3606600759948005e-05,2.164816643837521,159100.47498489206,Large,0
30,1.7999999999999998,4,1.3967703358378268e-05,2.102161683894062,150501.5985776301,Large,0
31,1.8599999999999999,4,1.4492482594745966e-05,2.041251828496672,140849.01017833187,Large,0
32,1.92,4,1.4551255538387959e-05,1.9815572662037932,136177.75187688836,Large,0
33,1.98,4,1.3674382715315693e-05,1.9227113127383397,140606.80856802766,Large,0
34,2.04,4,1.221762142929868e-05,1.865949463503894,152726.08292062653,Large,0
35,2.1,4,1.047035039095288e-05,1.8112606176932262,172989.49414895254,Large,0
36,2.16,4,8.340551035802631e-06,1.7588194304201554,210875.68709432398,Large,0
37,2.2199999999999998,4,6.480410089604464e-06,1.7084939164020576,263639.7840227325,Large,0
38,2.28,4,5.165902442705985e-06,1.6611366591865666,321557.8841470409,Large,0
39,2.34,4,4.222407309006592e-06,1.616342722752552,382801.2326771075,Large,0
40,2.4,4,3.581713323008426e-06,1.5746572562883454,439637.9928491114,Large,0
41,2.46,4,3.0995779472950195e-06,1.5358619189625018,495506.78998179024,Large,0
42,2.52,4,2.481261160501281e-06,1.5001903688521252,604608.0085133186,Large,0
43,2.58,4,1.942641949664852e-06,1.4670996690593907,755208.4774615812,Large,0
44,2.6399999999999997,4,1.4573658334038592e-06,1.4414675591640442,989091.0889528111,Large,0
45,2.6999999999999997,4,1.1481783746765174e-06,1.4207600606574688,1237403.6055658576,Large,0
46,2.76,4,8.712810064780201e-07,1.404040758218938,1611467.1934540304,Large,0
47,2.82,4,6.300026382910672e-07,1.3907924091289114,2207597.7537198057,Large,0
0,0.0,6,0.0009657859817939475,4.406539676772045,4562.646134692179,Large,0
1,0.06,6,0.0010881819249005187,4.348384803351017,3996.0090347471496,Large,0
2,0.12,6,0.0012066906474755763,4.28879491099446,3554.179291906102,Large,0
3,0.18,6,0.0013237937591117778,4.23099924075262,3196.1166243837574,Large,0
4,0.24,6,0.0014266219266193144,4.175841623840972,2927.0835853031654,Large,0
5,0.3,6,0.0014905409662710025,4.122850282082929,2766.0093720183827,Large,0
6,0.36,6,0.001478239805186516,4.071483206959824,2754.277886899485,Large,0
7,0.42,6,0.0013114823931679087,4.021172999382628,3066.1280855394593,Large,0
8,0.48,6,0.001008732777252559,3.973150815401688,3938.754549270406,Large,0
9,0.54,6,0.0006879295651011864,3.9222711158760157,5701.559163690102,Large,0
10,0.6,6,0.00047616746880121193,3.8649060271851345,8116.694819399006,Large,0
11,0.6599999999999999,6,0.00033062597537213454,3.7988412817238837,11489.84521693468,Large,0
12,0.72,6,0.00023290285056481118,3.723161697996632,15985.90008223436,Large,0
13,0.78,6,0.0001688088409694761,3.6385605315673617,21554.324469446976,Large,0
14,0.84,6,0.0001267779924227645,3.545755288975223,27968.223989154605,Large,0
15,0.8999999999999999,6,9.679028632484758e-05,3.4463174219792663,35606.02569572669,Large,0
16,0.96,6,7.44659574763002e-05,3.341797663404411,44876.85080082376,Large,0
17,1.02,6,5.807447584487371e-05,3.2345386748466396,55696.39032966245,Large,0
18,1.08,6,4.7368197641518505e-05,3.126507378606929,66004.35596617522,Large,0
19,1.14,6,3.983113791580633e-05,3.019201641445198,75800.03483272513,Large,0
20,1.2,6,3.467582504380083e-05,2.912979078873928,84006.04960932849,Large,0
21,1.26,6,3.114968986155707e-05,2.809613066233821,90197.14413597624,Large,0
22,1.3199999999999998,6,2.817747411626423e-05,2.7103176444968566,96187.38831286665,Large,0
23,1.38,6,2.561641385406497e-05,2.6162156469533464,102130.44112488795,Large,0
24,1.44,6,2.3709629667607764e-05,2.527287209542523,106593.28066162576,Large,0
25,1.5,6,2.2464369264127546e-05,2.443435628868258,108769.38498202496,Large,0
26,1.56,6,2.168080820730661e-05,2.3647178619550733,109069.63611984464,Large,0
27,1.6199999999999999,6,2.11328991220302e-05,2.2911931098072724,108418.30534357662,Large,0
28,1.68,6,2.0745898851321443e-05,2.222190411116255,107114.68454762611,Large,0
29,1.74,6,2.0448126800545068e-05,2.156487017490126,105461.34805035748,Large,0
30,1.7999999999999998,6,2.0204073978531195e-05,2.0933595177528694,103610.76285789038,Large,0
31,1.8599999999999999,6,2.005529937293005e-05,2.0323996543891543,101339.78140123986,Large,0
32,1.92,6,1.994272599671026e-05,1.973338432666178,98950.28558240729,Large,0
33,1.98,6,1.951639885550119e-05,1.9159073325962748,98169.10111243335,Large,0
34,2.04,6,1.8366153698497983e-05,1.8603606660728649,101292.88345360023,Large,0
35,2.1,6,1.653536763271702e-05,1.8066288141162619,109258.46066716113,Large,0
36,2.16,6,1.4351327036494255e-05,1.7551187647790654,122296.6183068605,Large,0
37,2.2199999999999998,6,1.1754513513619208e-05,1.7058549147594566,145123.3956031435,Large,0
38,2.28,6,9.254020807332157e-06,1.6592273978756285,179297.99731604097,Large,0
39,2.34,6,7.415254387715687e-06,1.6151548110814247,217815.1586757609,Large,0
40,2.4,6,6.15581095723237e-06,1.5739736062840541,255689.0744727656,Large,0
41,2.46,6,5.134895055061224e-06,1.5355510978053872,299042.35263617843,Large,0
42,2.52,6,4.191885085667611e-06,1.5041784398495053,358831.02926471224,Large,0
43,2.58,6,3.3624390425794605e-06,1.4779732012023938,439553.90194035514,Large,0
44,2.6399999999999997,6,2.535136044279972e-06,1.4558259249539902,574259.4872723973,Large,0
45,2.6999999999999997,6,1.9120675336431434e-06,1.4369162632863963,751498.6986618505,Large,0
46,2.76,6,1.4523279475774714e-06,1.4211057230040312,978501.9460477092,Large,0
47,2.82,6,1.1417805059746492e-06,1.4082791163461583,1233406.166051171,Large,0
0,0.0,8,0.00127564661180211,4.328842829964833,3393.4498707674716,Large,0
1,0.06,8,0.0014038616165906019,4.280618314932358,3049.1739814984085,Large,0
2,0.12,8,0.0015288929188556645,4.229913313781962,2766.6511248858023,Large,0
3,0.18,8,0.001651678198478508,4.179455192113982,2530.4294722567693,Large,0
4,0.24,8,0.0017637227626109038,4.129841240009792,2341.547848425019,Large,0
5,0.3,8,0.0018545339252421806,4.080632877487561,2200.3549365939357,Large,0
6,0.36,8,0.0019108692950004454,4.031143854816904,2109.5863884379196,Large,0
7,0.42,8,0.001911640211103325,3.980163217070679,2082.0671138600305,Large,0
8,0.48,8,0.0018208723284590873,3.926487192609054,2156.3769909842295,Large,0
9,0.54,8,0.0014617277458506839,3.8693140449627332,2647.0825746766563,Large,0
10,0.6,8,0.0010257240852940448,3.808967636000834,3713.442718768679,Large,0
11,0.6599999999999999,8,0.0007165350400073808,3.7428935252787943,5223.60152162306,Large,0
12,0.72,8,0.0005082479297578695,3.6693796672108796,7219.664758809702,Large,0
13,0.78,8,0.00036131430259315523,3.588184410473727,9930.922702813874,Large,0
14,0.84,8,0.00026077540906195877,3.49945143688862,13419.407333983589,Large,0
15,0.8999999999999999,8,0.00019304295597589888,3.404179060047648,17634.30860679866,Large,0
16,0.96,8,0.00014677256940506258,3.304134237610408,22511.9329245485,Large,0
17,1.02,8,0.00011329756358128168,3.2013726750071942,28256.324088650614,Large,0
18,1.08,8,8.91373735099335e-05,3.097488607705892,34749.605981611145,Large,0
19,1.14,8,7.166408846355949e-05,2.9939262107687004,41777.21750121867,Large,0
20,1.2,8,5.9522047432177886e-05,2.8916319001422437,48580.85406818541,Large,0
21,1.26,8,5.07680630658359e-05,2.79207071473736,54996.59719372412,Large,0
22,1.3199999999999998,8,4.445450812416357e-05,2.6959800410364823,60645.81872116278,Large,0
23,1.38,8,3.9770164458175384e-05,2.6042531724059312,65482.584944920585,Large,0
24,1.44,8,3.604906683924378e-05,2.517149996121324,69825.66309819429,Large,0
25,1.5,8,3.2998989855596095e-05,2.434588878806246,73777.67893684113,Large,0
26,1.56,8,3.063951931995117e-05,2.3564973011181554,76910.3874153699,Large,0
27,1.6199999999999999,8,2.8919695232767015e-05,2.2827376393411596,78933.66859394628,Large,0
28,1.68,8,2.7698166850559283e-05,2.213167113676368,79903.01761185614,Large,0
29,1.74,8,2.678439699292826e-05,2.147105085749744,80162.53217560331,Large,0
30,1.7999999999999998,8,2.6061931668015373e-05,2.0839272830434474,79960.58425711234,Large,0
31,1.8599999999999999,8,2.548773347835292e-05,2.0232145258845318,79379.93104027376,Large,0
32,1.92,8,2.5004497720230942e-05,1.9645545161021323,78568.04556056435,Large,0
33,1.98,8,2.447556001842648e-05,1.9079040713142619,77951.39599984196,Large,0
34,2.04,8,2.3724697772455483e-05,1.8534425049830414,78122.9132088207,Large,0
35,2.1,8,2.2498032516036264e-05,1.8010842920076375,80055.19108054676,Large,0
36,2.16,8,2.0447782171901466e-05,1.7508689404753346,85626.34938870337,Large,0
37,2.2199999999999998,8,1.7801465335819056e-05,1.7026759681332253,95648.07930205618,Large,0
38,2.28,8,1.5019973227744775e-05,1.656924126384331,110314.71902517602,Large,0
39,2.34,8,1.2170484855357402e-05,1.613631728218048,132585.65680789071,Large,0
40,2.4,8,9.556604974009248e-06,1.576906692725931,165006.99746558396,Large,0
41,2.46,8,7.6098296307379864e-06,1.5453869982130453,203077.73934528633,Large,0
42,2.52,8,6.206407545945581e-06,1.5181203837493844,244605.33287748994,Large,0
43,2.58,8,5.0487314936861325e-06,1.4942721236408123,295969.8144988551,Large,0
44,2.6399999999999997,8,4.055204930481361e-06,1.4733223493403886,363316.3735489694,Large,0
45,2.6999999999999997,8,3.2279748746662867e-06,1.4550068748219136,450749.1326035599,Large,0
46,2.76,8,2.4659036600692713e-06,1.4393862761387988,583715.5357879489,Large,0
47,2.82,8,1.890210113918422e-06,1.426524953222021,754691.2074577902,Large,0
