task,label,seed,method,order,bandwidth_steps,validation_score,t0_rmse,integrated_rmse,runtime_sec,gain_bias,behavior_gain_bias
small_pendulum_rich,Small,20264000,BE,-1,8,0.0010173170406006155,0.08347326890095584,0.07182138034557467,0.0023860840001361794,0.0,0.0
small_pendulum_rich,Small,20264000,Gen2,2,8,0.017985558534589993,0.06589976399516313,0.05851545679541115,0.0048954169997159624,0.0,0.0
small_pendulum_rich,Small,20265000,MBLinear,-1,4,0.11419757667947485,0.9246154356346259,0.42423133054552775,0.011030500000288157,0.0,0.0
small_pendulum_rich,Small,20264001,BE,-1,8,0.0009325482185918107,0.1004928386220383,0.08133668544181884,0.0020456250003917376,0.0,0.0
small_pendulum_rich,Small,20264001,Gen2,2,8,0.017413681879673702,0.09705727738076382,0.07184543205433509,0.005226042000231246,0.0,0.0
small_pendulum_rich,Small,20265001,MBLinear,-1,1,0.1223744729772104,0.8449313171271625,0.38433436022032086,0.005946333999872877,0.0,0.0
small_pendulum_rich,Small,20264002,BE,-1,8,0.0011548132775168372,0.08797246498856502,0.06783538755170214,0.0020086669996999262,0.0,0.0
small_pendulum_rich,Small,20264002,Gen2,2,8,0.019870488971946647,0.07878974909123725,0.054843413003109395,0.004028040999855875,0.0,0.0
small_pendulum_rich,Small,20265002,MBLinear,-1,2,0.1044217168918143,0.8341099613967464,0.3874664916396153,0.010183166999922832,0.0,0.0
small_pendulum_rich,Small,20264003,BE,-1,8,0.0021186460930057677,0.0862068167203771,0.07751031127137323,0.004377250000288768,0.0,0.0
small_pendulum_rich,Small,20264003,Gen2,2,8,0.037659219600085427,0.07237184396012852,0.06512150503203494,0.005535374999908527,0.0,0.0
small_pendulum_rich,Small,20265003,MBLinear,-1,4,0.10215243853691224,0.7259381636657635,0.34538153284343936,0.011672874999931082,0.0,0.0
small_pendulum_rich,Small,20264004,BE,-1,8,0.0016595114325319495,0.11687772625374979,0.08058575725777546,0.0031531249996987754,0.0,0.0
small_pendulum_rich,Small,20264004,Gen2,2,8,0.030492266906176232,0.10146156938116742,0.06667121923624311,0.005228832999819133,0.0,0.0
small_pendulum_rich,Small,20265004,MBLinear,-1,2,0.12015830655783667,0.6722255780093646,0.33289181763997777,0.007768624999698659,0.0,0.0
small_pendulum_rich,Small,20264005,BE,-1,8,0.0018579374245664376,0.09791525069217134,0.07549587821936164,0.002106540999648132,0.0,0.0
small_pendulum_rich,Small,20264005,Gen2,2,8,0.03242725175360451,0.08904559174674868,0.06375465717192426,0.0047927919999892765,0.0,0.0
small_pendulum_rich,Small,20265005,MBLinear,-1,4,0.10448705024810313,0.8368634739120648,0.39712419615640976,0.01319100000000617,0.0,0.0
small_pendulum_rich,Small,20264006,BE,-1,8,0.001202725681140437,0.08754292463923762,0.06800202557817785,0.0021135830002094735,0.0,0.0
small_pendulum_rich,Small,20264006,Gen2,2,8,0.023612031624839262,0.08767564839738151,0.05949882563671084,0.0041086670003096515,0.0,0.0
small_pendulum_rich,Small,20265006,MBLinear,-1,2,0.11574820764623861,0.58488506109303,0.2877108243155082,0.009800166999866633,0.0,0.0
small_pendulum_rich,Small,20264007,BE,-1,8,0.0009223561171018366,0.11857322135882127,0.08092850343784685,0.003617916999701265,0.0,0.0
small_pendulum_rich,Small,20264007,Gen2,2,8,0.017197855397907098,0.11227293196378102,0.0703275940010256,0.005228459000136354,0.0,0.0
small_pendulum_rich,Small,20265007,MBLinear,-1,4,0.1205463546106403,0.805122322429221,0.38307517428919013,0.016502334000051633,0.0,0.0
small_pendulum_rich,Small,20264008,BE,-1,6,0.00243316906699314,0.12208731114437024,0.0791260775850674,0.002750042000116082,0.0,0.0
small_pendulum_rich,Small,20264008,Gen2,2,6,0.043671916925062275,0.112716264203454,0.06842979169670915,0.0038222910002332355,0.0,0.0
small_pendulum_rich,Small,20265008,MBLinear,-1,4,0.09238741518971996,0.6540230762159011,0.3115873496488917,0.015185083999767812,0.0,0.0
small_pendulum_rich,Small,20264009,BE,-1,8,0.0011010350495712852,0.09517697288725457,0.07990088379542047,0.00307729099995413,0.0,0.0
small_pendulum_rich,Small,20264009,Gen2,2,8,0.02017224988227091,0.08659489832830147,0.06729299425445687,0.004005083000265586,0.0,0.0
small_pendulum_rich,Small,20265009,MBLinear,-1,2,0.11966615837601717,0.7554315018084747,0.3731860939182866,0.011102209000000585,0.0,0.0
small_pendulum_rich,Small,20264010,BE,-1,8,0.0009206789212958451,0.10002111025836909,0.0732255714110275,0.002367708000292623,0.0,0.0
small_pendulum_rich,Small,20264010,Gen2,2,8,0.01742058443083424,0.08954420639806511,0.06264923486321007,0.00382558399996924,0.0,0.0
small_pendulum_rich,Small,20265010,MBLinear,-1,0,0.10998750214110266,0.6086381780992574,0.3160401632928765,0.003590082999835431,0.0,0.0
small_pendulum_rich,Small,20264011,BE,-1,8,0.0014930422836605776,0.10379878017012413,0.07949662770042257,0.0016774579999037087,0.0,0.0
small_pendulum_rich,Small,20264011,Gen2,2,8,0.026408270019206526,0.09597157892620188,0.06826271970497436,0.004910832999939885,0.0,0.0
small_pendulum_rich,Small,20265011,MBLinear,-1,2,0.11585048361938104,0.688911623301616,0.3322822297940817,0.010548708999976952,0.0,0.0
small_pendulum_rich,Small,20264010,BE,-1,8,0.0008012713867297917,0.11530210863380858,0.0784900561044497,0.0029650000001311128,0.1,0.1
small_pendulum_rich,Small,20264010,Gen2,2,8,0.015263287813419605,0.11785519129308211,0.07546038021988156,0.004514000000199303,0.1,0.1
small_pendulum_rich,Small,20265010,MBLinear,-1,0,0.10645629350453494,0.599729790542414,0.30674192521981014,0.003712374999849999,0.1,0.1
small_pendulum_rich,Small,20264011,BE,-1,8,0.0013400471173760857,0.12864731079520975,0.08586102161046621,0.0022728339999957825,0.1,0.1
small_pendulum_rich,Small,20264011,Gen2,2,8,0.023674288505520887,0.13455368769744255,0.08231783347735065,0.0049054579999392445,0.1,0.1
small_pendulum_rich,Small,20265011,MBLinear,-1,2,0.11192160980154385,0.6781268924974388,0.3230073064173905,0.009205917000144836,0.1,0.1
small_pendulum_rich,Small,20264012,BE,-1,8,0.0010288553135632966,0.11105048329463046,0.07490281227801296,0.002147582999896258,0.1,0.1
small_pendulum_rich,Small,20264012,Gen2,2,8,0.01793708814151297,0.11409239003154023,0.07065685375970605,0.0044498750003185705,0.1,0.1
small_pendulum_rich,Small,20265012,MBLinear,-1,4,0.12594758737917805,0.8734405486658223,0.4098613775114684,0.01775670799997897,0.1,0.1
small_pendulum_rich,Small,20264013,BE,-1,8,0.0012497427798518613,0.13519561512508366,0.08450624882356246,0.0022090830002525763,0.1,0.1
small_pendulum_rich,Small,20264013,Gen2,2,8,0.020830370300900097,0.13978343548055547,0.08063800619564161,0.004167916999904264,0.1,0.1
small_pendulum_rich,Small,20265013,MBLinear,-1,2,0.10462538475375226,0.7189461808585684,0.3348395679253271,0.009318040999914956,0.1,0.1
small_pendulum_rich,Small,20264014,BE,-1,8,0.0012196197696364589,0.12470896212795507,0.08179487845379436,0.003327166999952169,0.1,0.1
small_pendulum_rich,Small,20264014,Gen2,2,8,0.021271703928309727,0.13853650769932968,0.08364294563299518,0.0044253749997551495,0.1,0.1
small_pendulum_rich,Small,20265014,MBLinear,-1,2,0.10629901263089911,0.751159468255538,0.3467209394604102,0.01023804199985534,0.1,0.1
small_pendulum_rich,Small,20264015,BE,-1,8,0.0012652745641321132,0.14772668716160123,0.09008601400566138,0.0019856249996337283,0.1,0.1
small_pendulum_rich,Small,20264015,Gen2,2,8,0.022836989048704886,0.15796503360099415,0.08884534919351267,0.004469667000194022,0.1,0.1
small_pendulum_rich,Small,20265015,MBLinear,-1,4,0.10813259517548425,0.6891978421562021,0.35401494715962867,0.012832750000143278,0.1,0.1
small_pendulum_rich,Small,20264016,BE,-1,8,0.0016705085047825127,0.14202576019226515,0.09855570459418338,0.002196375000039552,0.1,0.1
small_pendulum_rich,Small,20264016,Gen2,2,8,0.028005837177041516,0.14694557724789753,0.09651688995973885,0.004616707999957725,0.1,0.1
small_pendulum_rich,Small,20265016,MBLinear,-1,2,0.09946063906682581,0.8164540061432024,0.37236049476385047,0.009693417000107729,0.1,0.1
small_pendulum_rich,Small,20264017,BE,-1,8,0.000817594912880636,0.13943062552920535,0.0883840795336403,0.00266970799975752,0.1,0.1
small_pendulum_rich,Small,20264017,Gen2,2,8,0.015161308406141365,0.15028891706715025,0.08703853939201874,0.0040901669999584556,0.1,0.1
small_pendulum_rich,Small,20265017,MBLinear,-1,2,0.10479605340006633,0.7016037328041174,0.33790617767751935,0.009180999999898631,0.1,0.1
small_pendulum_rich,Small,20264018,BE,-1,8,0.002411963358700971,0.11863890350732983,0.08874277948763858,0.002333167000415415,0.1,0.1
small_pendulum_rich,Small,20264018,Gen2,2,8,0.04115943363490702,0.12920852330828966,0.0865601459266349,0.005799749999823689,0.1,0.1
small_pendulum_rich,Small,20265018,MBLinear,-1,0,0.1277404639305721,0.712788181575872,0.3352758053438132,0.003668916000151512,0.1,0.1
small_pendulum_rich,Small,20264019,BE,-1,8,0.0009118312900803212,0.1666161024594706,0.09411795608422371,0.0024420419999842125,0.1,0.1
small_pendulum_rich,Small,20264019,Gen2,2,8,0.017297137554737788,0.173820602326186,0.093097962128953,0.004089624999778607,0.1,0.1
small_pendulum_rich,Small,20265019,MBLinear,-1,4,0.10364598019826178,0.8086930593029539,0.39380119957546145,0.01436341699991317,0.1,0.1
small_pendulum_rich,Small,20264020,BE,-1,8,0.001106537201752649,0.0843226080920314,0.0898022160804581,0.0021445410002343124,0.1,0.1
small_pendulum_rich,Small,20264020,Gen2,2,8,0.019429883356497295,0.09055698152402694,0.08783308154207567,0.005044499999712571,0.1,0.1
small_pendulum_rich,Small,20265020,MBLinear,-1,0,0.10090069676157544,0.8410018180343467,0.371499844998336,0.00288524999996298,0.1,0.1
small_pendulum_rich,Small,20264021,BE,-1,8,0.001223394053946927,0.10627636441537645,0.0758701020751284,0.001969375000044238,0.1,0.1
small_pendulum_rich,Small,20264021,Gen2,2,8,0.020476480028167748,0.11318154368585111,0.07450486611728314,0.005492165999839926,0.1,0.1
small_pendulum_rich,Small,20265021,MBLinear,-1,4,0.11385868185759765,0.8737266791610514,0.37383925845693,0.014942750000045635,0.1,0.1
small_pendulum_rich,Small,20264020,BE,-1,8,0.0010268930715599518,0.10936486744552987,0.09772368804903395,0.002043833000243467,0.2,0.2
small_pendulum_rich,Small,20264020,Gen2,2,8,0.017851239177196672,0.12362243714464233,0.10090351136015455,0.0041504999999233405,0.2,0.2
small_pendulum_rich,Small,20265020,MBLinear,-1,0,0.0982343671556524,0.8492213515558226,0.3700823142320418,0.0027532080002856674,0.2,0.2
small_pendulum_rich,Small,20264021,BE,-1,8,0.0010678152385515103,0.1347978183509309,0.0835694850479909,0.002158417000373447,0.2,0.2
small_pendulum_rich,Small,20264021,Gen2,2,8,0.017899937357545342,0.14835495429202789,0.08682936112188708,0.004748541000026307,0.2,0.2
small_pendulum_rich,Small,20265021,MBLinear,-1,4,0.11056663231387584,0.875586528791233,0.3717047068660595,0.013829417000124522,0.2,0.2
small_pendulum_rich,Small,20264022,BE,-1,8,0.0007393757541640539,0.16979842884950738,0.09221873013683654,0.002800457999910577,0.2,0.2
small_pendulum_rich,Small,20264022,Gen2,2,8,0.01310754212113627,0.18354668495658735,0.09464545713958888,0.004721333000361483,0.2,0.2
small_pendulum_rich,Small,20265022,MBLinear,-1,0,0.09651524293730417,0.8732186002115772,0.40076960860744143,0.003753292000055808,0.2,0.2
small_pendulum_rich,Small,20264023,BE,-1,8,0.001398504486768866,0.19838758035590257,0.10992649225740911,0.002467374999923777,0.2,0.2
small_pendulum_rich,Small,20264023,Gen2,2,8,0.02585089422727594,0.21706403152045423,0.11517116251218348,0.005174541000087629,0.2,0.2
small_pendulum_rich,Small,20265023,MBLinear,-1,2,0.1155828354083711,0.8214540703096156,0.37842055394072954,0.011200124999959371,0.2,0.2
small_pendulum_rich,Small,20264024,BE,-1,8,0.0011995601675170308,0.1291585318903158,0.07780007226561386,0.0026223330000902934,0.2,0.2
small_pendulum_rich,Small,20264024,Gen2,2,8,0.021180093292851945,0.14549863977978467,0.08082847127229435,0.00409470800013878,0.2,0.2
small_pendulum_rich,Small,20265024,MBLinear,-1,4,0.1074826586074054,0.9462207586868377,0.4235946972988595,0.0141684999998688,0.2,0.2
small_pendulum_rich,Small,20264025,BE,-1,8,0.0017000558326216223,0.17123133435123697,0.09779197580566047,0.0013567910000347183,0.2,0.2
small_pendulum_rich,Small,20264025,Gen2,2,8,0.028766180405957548,0.1916387701010152,0.10096576495607415,0.002729457999976148,0.2,0.2
small_pendulum_rich,Small,20265025,MBLinear,-1,4,0.10519112193686937,0.6739624344653311,0.3266284571940964,0.008661625000058848,0.2,0.2
small_pendulum_rich,Small,20264026,BE,-1,2,0.002209511045197222,0.15503825792691547,0.08785674419474775,0.0012885420001111925,0.2,0.2
small_pendulum_rich,Small,20264026,Gen2,2,2,0.03779911616722793,0.2194981836823247,0.11206629757513706,0.0027537089999896125,0.2,0.2
small_pendulum_rich,Small,20265026,MBLinear,-1,2,0.10055477724984903,0.80685281955223,0.36754842937759685,0.005286957999942388,0.2,0.2
small_pendulum_rich,Small,20264027,BE,-1,8,0.0016100429394547765,0.09836691836118217,0.07490249842725438,0.0012970839998160955,0.2,0.2
small_pendulum_rich,Small,20264027,Gen2,2,4,0.02778182962822068,0.11054099179896794,0.07302409204718938,0.0025986670002566825,0.2,0.2
small_pendulum_rich,Small,20265027,MBLinear,-1,1,0.1047944140984922,0.8428014165109798,0.39861480345933764,0.003674208999655093,0.2,0.2
small_pendulum_rich,Small,20264028,BE,-1,6,0.0013551939068211349,0.1270265337768694,0.07918515219155617,0.0012823749998460698,0.2,0.2
small_pendulum_rich,Small,20264028,Gen2,2,6,0.02187283325388688,0.14218288791078335,0.0819445179566596,0.00259612499985451,0.2,0.2
small_pendulum_rich,Small,20265028,MBLinear,-1,2,0.1095524917885271,0.7208267271236505,0.3342883497228843,0.00508620799973869,0.2,0.2
small_pendulum_rich,Small,20264029,BE,-1,8,0.0011286181963957383,0.20210361402157573,0.10736426894199963,0.0013652090001414763,0.2,0.2
small_pendulum_rich,Small,20264029,Gen2,2,8,0.019637400534691433,0.2223889000350398,0.11287957394460617,0.0027344160002940043,0.2,0.2
small_pendulum_rich,Small,20265029,MBLinear,-1,1,0.10069029070386407,0.8085264437440415,0.35689558990520176,0.0036942920000910817,0.2,0.2
small_pendulum_rich,Small,20264030,BE,-1,8,0.0008177649722634466,0.18773030088632842,0.09915630475183279,0.00134479200005444,0.2,0.2
small_pendulum_rich,Small,20264030,Gen2,2,8,0.013897849994437135,0.2101098416081074,0.10555774255976691,0.002782250000109343,0.2,0.2
small_pendulum_rich,Small,20265030,MBLinear,-1,1,0.10633693854146735,0.665366741918859,0.3112376034602102,0.004058374999658554,0.2,0.2
small_pendulum_rich,Small,20264031,BE,-1,8,0.0006924184630053139,0.14235447321831812,0.08872031179350136,0.0013677089996235736,0.2,0.2
small_pendulum_rich,Small,20264031,Gen2,2,8,0.01152061534274766,0.1563773038697988,0.0914822965762275,0.0027906670002266765,0.2,0.2
small_pendulum_rich,Small,20265031,MBLinear,-1,1,0.12802153209966513,0.7080269620913361,0.333385515821465,0.003655375000107597,0.2,0.2
small_pendulum_rich,Small,20264035,BE,-1,8,0.0008448212099025339,0.1761877100056617,0.08923320016435066,0.001450290999855497,0.35,0.35
small_pendulum_rich,Small,20264035,Gen2,2,8,0.014784723720959394,0.1945208957576284,0.09461092665280509,0.0028602500001397857,0.35,0.35
small_pendulum_rich,Small,20265035,MBLinear,-1,2,0.08847592827470772,0.6884122462458899,0.3222213125924198,0.005331458000000566,0.35,0.35
small_pendulum_rich,Small,20264036,BE,-1,8,0.0018549880208035695,0.24733962616743926,0.13931153619237607,0.002803291999953217,0.35,0.35
small_pendulum_rich,Small,20264036,Gen2,2,8,0.02989268287406529,0.2660019970719917,0.14725433153950881,0.0031852500001150474,0.35,0.35
small_pendulum_rich,Small,20265036,MBLinear,-1,4,0.09551196595328575,0.7604762021310189,0.3680085252876254,0.010654917000010755,0.35,0.35
small_pendulum_rich,Small,20264037,BE,-1,8,0.0008875493941702177,0.1693639755280089,0.09196055171843871,0.0015465000001313456,0.35,0.35
small_pendulum_rich,Small,20264037,Gen2,2,8,0.017347590905736333,0.18531033882941414,0.09701664325458836,0.0031758340001033503,0.35,0.35
small_pendulum_rich,Small,20265037,MBLinear,-1,4,0.10163444742464715,0.6583069120716779,0.3085384777490115,0.009032292000028974,0.35,0.35
small_pendulum_rich,Small,20264038,BE,-1,8,0.0006000096658446962,0.2542707701566451,0.12806896962996878,0.001412624999829859,0.35,0.35
small_pendulum_rich,Small,20264038,Gen2,2,8,0.010559143973040124,0.2763272692806383,0.13589091701295078,0.0029203330000200367,0.35,0.35
small_pendulum_rich,Small,20265038,MBLinear,-1,1,0.10743533244986544,0.6591158007887549,0.3057166625011653,0.005030541999985871,0.35,0.35
small_pendulum_rich,Small,20264039,BE,-1,8,0.0007696157132110375,0.23543871793621174,0.1285651576725553,0.0016291249999085267,0.35,0.35
small_pendulum_rich,Small,20264039,Gen2,2,8,0.013740691214413948,0.2565083076534785,0.13603470033004014,0.0039056250002431625,0.35,0.35
small_pendulum_rich,Small,20265039,MBLinear,-1,1,0.10683048672769309,0.7652906981579863,0.34163267497356314,0.004480250000142405,0.35,0.35
small_pendulum_rich,Small,20264040,BE,-1,8,0.0012193443185385042,0.1715740848008031,0.08780732781377042,0.001941832999818871,0.35,0.35
small_pendulum_rich,Small,20264040,Gen2,2,8,0.024008424851024647,0.18676216543508709,0.09310536309220364,0.003906458000074053,0.35,0.35
small_pendulum_rich,Small,20265040,MBLinear,-1,1,0.0983258900158589,0.7570556805723382,0.34131920628076623,0.006046208000043407,0.35,0.35
small_pendulum_rich,Small,20264041,BE,-1,8,0.0014471594050485287,0.24374386406066248,0.1254123865391384,0.0018482079999557754,0.35,0.35
small_pendulum_rich,Small,20264041,Gen2,2,4,0.02685685084160772,0.26608353543766766,0.1329586550504634,0.002778125000077125,0.35,0.35
small_pendulum_rich,Small,20265041,MBLinear,-1,1,0.102504354690573,0.8899686260365717,0.39852189890720674,0.0049658339999041345,0.35,0.35
small_pendulum_rich,Small,20264042,BE,-1,8,0.0008363145386134373,0.17996592273734613,0.10466303721996378,0.0019624999999905413,0.35,0.35
small_pendulum_rich,Small,20264042,Gen2,2,8,0.013999938276239954,0.19655191439753825,0.10956819362092203,0.004169584000010218,0.35,0.35
small_pendulum_rich,Small,20265042,MBLinear,-1,1,0.12546703208920532,0.7412423252389719,0.3371967699725898,0.006117291999998997,0.35,0.35
small_pendulum_rich,Small,20264043,BE,-1,8,0.0007906996863209522,0.2236657592433925,0.1171572142191589,0.0020909579998260597,0.35,0.35
small_pendulum_rich,Small,20264043,Gen2,2,8,0.014568923468898059,0.23921424824253518,0.12242593201763012,0.003402583000024606,0.35,0.35
small_pendulum_rich,Small,20265043,MBLinear,-1,1,0.09246011156916437,0.5797685589893715,0.27453912593523866,0.006259540999963065,0.35,0.35
small_pendulum_rich,Small,20264044,BE,-1,8,0.001131732161659179,0.23355609050850415,0.1209775107775628,0.0014969580001888971,0.35,0.35
small_pendulum_rich,Small,20264044,Gen2,2,8,0.021760576448623406,0.2546849671765195,0.12864125580255106,0.0032841249999364663,0.35,0.35
small_pendulum_rich,Small,20265044,MBLinear,-1,2,0.08843726994546104,0.7951740344424412,0.3458875942470187,0.0061664580002798175,0.35,0.35
small_pendulum_rich,Small,20264045,BE,-1,8,0.0010419675569447245,0.2334790925655393,0.1147597625313197,0.0014710420000483282,0.35,0.35
small_pendulum_rich,Small,20264045,Gen2,2,8,0.017704428900501615,0.2556409417358042,0.12211665946116423,0.004366166000181693,0.35,0.35
small_pendulum_rich,Small,20265045,MBLinear,-1,4,0.09940546733718546,0.8273840509324256,0.3625601813461948,0.01074483299998974,0.35,0.35
small_pendulum_rich,Small,20264046,BE,-1,8,0.0016754228150472638,0.172842182343063,0.09858733195476076,0.0015577909998683026,0.35,0.35
small_pendulum_rich,Small,20264046,Gen2,2,8,0.028635816478786748,0.19281227876169088,0.10614697330018165,0.0032093330000861897,0.35,0.35
small_pendulum_rich,Small,20265046,MBLinear,-1,4,0.10907980571728104,0.7740793171184449,0.349779656684,0.009932958999797847,0.35,0.35
small_pendulum_rich,Small,20264050,BE,-1,8,0.0020686667117981775,0.1996407688689042,0.10251801406477931,0.0015300000000024738,0.5,0.5
small_pendulum_rich,Small,20264050,Gen2,2,8,0.03594016254105714,0.21622704517086835,0.10844593388498844,0.004010250000192173,0.5,0.5
small_pendulum_rich,Small,20265050,MBLinear,-1,2,0.10020870704711626,0.8222880603313397,0.36159782930934514,0.007040957999834063,0.5,0.5
small_pendulum_rich,Small,20264051,BE,-1,8,0.0010828594551521135,0.23478013863035213,0.12560350309496035,0.0014860829996905522,0.5,0.5
small_pendulum_rich,Small,20264051,Gen2,2,8,0.01843422989143063,0.2538628741680866,0.13371906502562309,0.0031602919998476864,0.5,0.5
small_pendulum_rich,Small,20265051,MBLinear,-1,2,0.10016721131650051,0.6667094241890446,0.3005852311554891,0.006110541999987618,0.5,0.5
small_pendulum_rich,Small,20264052,BE,-1,8,0.0009776359952223964,0.26539661377228047,0.1236390175254596,0.0014549590000569879,0.5,0.5
small_pendulum_rich,Small,20264052,Gen2,2,8,0.018155421013853167,0.28383533373499953,0.13092107866500602,0.0031691250001131266,0.5,0.5
small_pendulum_rich,Small,20265052,MBLinear,-1,4,0.10020649969236566,0.6305039536808209,0.28318175919584865,0.010370208000040293,0.5,0.5
small_pendulum_rich,Small,20264053,BE,-1,8,0.000785546052379246,0.25819329526333445,0.12464509301130086,0.001641708000079234,0.5,0.5
small_pendulum_rich,Small,20264053,Gen2,2,8,0.01369403843475412,0.27807114556089535,0.13161878420757753,0.0034384579998913978,0.5,0.5
small_pendulum_rich,Small,20265053,MBLinear,-1,4,0.09731682979131644,0.6785801912773122,0.31349366552835994,0.010793749999720603,0.5,0.5
small_pendulum_rich,Small,20264054,BE,-1,8,0.0009309750703233432,0.353180737199227,0.16484702542242266,0.0016232089997174626,0.5,0.5
small_pendulum_rich,Small,20264054,Gen2,2,8,0.016516769739508302,0.3772085300552095,0.17467997301815966,0.0032444590001432516,0.5,0.5
small_pendulum_rich,Small,20265054,MBLinear,-1,2,0.11843378766707145,0.8608819345006189,0.3727263185762313,0.006149874999664462,0.5,0.5
small_pendulum_rich,Small,20264055,BE,-1,8,0.0005866892381307661,0.24390600644317859,0.12017312973171423,0.0017305000001215376,0.5,0.5
small_pendulum_rich,Small,20264055,Gen2,2,8,0.010895139492786879,0.2616966258338539,0.1266853885294578,0.003636708000158251,0.5,0.5
small_pendulum_rich,Small,20265055,MBLinear,-1,1,0.07902207117415617,0.7391497168801558,0.32661887620247454,0.004662667000047804,0.5,0.5
small_pendulum_rich,Small,20264056,BE,-1,8,0.00098546438310314,0.30010723866379807,0.13614345751586332,0.002121666999755689,0.5,0.5
small_pendulum_rich,Small,20264056,Gen2,2,8,0.019234760795966258,0.31955885214232466,0.14346291287833818,0.003053875000205153,0.5,0.5
small_pendulum_rich,Small,20265056,MBLinear,-1,2,0.08886841993765505,0.7459732698426651,0.33114518451947794,0.007026417000361107,0.5,0.5
small_pendulum_rich,Small,20264057,BE,-1,8,0.0007408470671700359,0.327018287120552,0.15224245703688027,0.001498666999850684,0.5,0.5
small_pendulum_rich,Small,20264057,Gen2,2,8,0.012824328993723889,0.3500198660017289,0.16131035917800807,0.0031615419998161087,0.5,0.5
small_pendulum_rich,Small,20265057,MBLinear,-1,4,0.10195574388409133,0.7243768977197599,0.314521578368325,0.009648749999996653,0.5,0.5
small_pendulum_rich,Small,20264058,BE,-1,8,0.001052221670820821,0.21560857799977473,0.11234220293603753,0.002065499999844178,0.5,0.5
small_pendulum_rich,Small,20264058,Gen2,2,4,0.01773370127996764,0.23754245060101667,0.11869678896315508,0.0033558330001142167,0.5,0.5
small_pendulum_rich,Small,20265058,MBLinear,-1,4,0.09489120201960412,0.7456237151639146,0.3209907956476781,0.01016162499990969,0.5,0.5
small_pendulum_rich,Small,20264059,BE,-1,8,0.0009571148880827069,0.3053419142627231,0.1430784223139892,0.001596333000179584,0.5,0.5
small_pendulum_rich,Small,20264059,Gen2,2,8,0.016022121555044035,0.33041112306886555,0.1530363664558797,0.004173834000084753,0.5,0.5
small_pendulum_rich,Small,20265059,MBLinear,-1,6,0.10747983292546169,0.8411424067136941,0.3616067157668421,0.013506499999948574,0.5,0.5
small_pendulum_rich,Small,20264060,BE,-1,8,0.001545726654307562,0.3033397128241811,0.1413314735708306,0.0015024580002318544,0.5,0.5
small_pendulum_rich,Small,20264060,Gen2,2,8,0.027730639992679756,0.3211092831363152,0.1479276251888118,0.0035023340001316683,0.5,0.5
small_pendulum_rich,Small,20265060,MBLinear,-1,0,0.08067800535741924,0.8315048254820413,0.35639286152871796,0.002425292000225454,0.5,0.5
small_pendulum_rich,Small,20264061,BE,-1,8,0.0007606612423094449,0.1636144836236001,0.08522851051856555,0.0017039999997905397,0.5,0.5
small_pendulum_rich,Small,20264061,Gen2,2,8,0.01288902573315623,0.1840013493329766,0.09280205111170173,0.0034327079997638066,0.5,0.5
small_pendulum_rich,Small,20265061,MBLinear,-1,1,0.10035999893435174,0.7110206061925931,0.3204687306523066,0.006105292000029294,0.5,0.5
medium_cartpole_like_quadratic,Medium,20265000,BE,-1,8,0.0010749392381105285,0.14046456333843765,0.11658723882229548,0.0017558750000716827,0.0,0.0
medium_cartpole_like_quadratic,Medium,20265000,Gen2,2,8,0.015728753877273197,0.07553889038997463,0.05987446942603315,0.004331292000188114,0.0,0.0
medium_cartpole_like_quadratic,Medium,20266000,MBLinear,-1,2,0.21797402881147152,1.488840065522687,0.7562813871781698,0.011576582999623497,0.0,0.0
medium_cartpole_like_quadratic,Medium,20265001,BE,-1,8,0.0015573506037540106,0.17165853549772153,0.12139603519350418,0.002436917000068206,0.0,0.0
medium_cartpole_like_quadratic,Medium,20265001,Gen2,2,8,0.018214403755794795,0.09529811297407628,0.06445841481464548,0.003712833000008686,0.0,0.0
medium_cartpole_like_quadratic,Medium,20266001,MBLinear,-1,8,0.16066506212480364,1.5983801720546025,0.7988915088320404,0.028423165999811317,0.0,0.0
medium_cartpole_like_quadratic,Medium,20265002,BE,-1,8,0.001148105727729638,0.17926046264221487,0.13752079258538633,0.001912207999794191,0.0,0.0
medium_cartpole_like_quadratic,Medium,20265002,Gen2,2,8,0.018370451343994853,0.11971231397666385,0.07898867835178051,0.0036882919998788566,0.0,0.0
medium_cartpole_like_quadratic,Medium,20266002,MBLinear,-1,2,0.20755909090498006,1.0616743747251316,0.5288699940061048,0.01155312499986394,0.0,0.0
medium_cartpole_like_quadratic,Medium,20265003,BE,-1,8,0.0014875482087423448,0.21479956292900473,0.13148584155099755,0.0021495830001185823,0.0,0.0
medium_cartpole_like_quadratic,Medium,20265003,Gen2,2,8,0.023732438021583216,0.10391082120137834,0.06736864980381697,0.0046085829999356065,0.0,0.0
medium_cartpole_like_quadratic,Medium,20266003,MBLinear,-1,2,0.19347593180251213,0.7820979815666447,0.4669513121961368,0.010828625000158354,0.0,0.0
medium_cartpole_like_quadratic,Medium,20265004,BE,-1,8,0.0011403622141589085,0.13405487605423022,0.10906664984767056,0.0036269170000196027,0.0,0.0
medium_cartpole_like_quadratic,Medium,20265004,Gen2,2,8,0.019603334589186772,0.0741572232182547,0.05905611505469611,0.004491499999858206,0.0,0.0
medium_cartpole_like_quadratic,Medium,20266004,MBLinear,-1,8,0.13901985080510795,1.7615219535243838,0.766838695444296,0.032508041999790294,0.0,0.0
medium_cartpole_like_quadratic,Medium,20265005,BE,-1,8,0.0013092665814787737,0.17792047978304518,0.12440077997750745,0.0021246249998512212,0.0,0.0
medium_cartpole_like_quadratic,Medium,20265005,Gen2,2,8,0.019062282752682833,0.07936940407318184,0.06238300266721703,0.0034722079999482958,0.0,0.0
medium_cartpole_like_quadratic,Medium,20266005,MBLinear,-1,1,0.2175714880816131,0.8879609537416706,0.4496445229311108,0.006613416000163852,0.0,0.0
medium_cartpole_like_quadratic,Medium,20265006,BE,-1,8,0.000987714879021116,0.17511451868374686,0.11916428799311625,0.002192791999732435,0.0,0.0
medium_cartpole_like_quadratic,Medium,20265006,Gen2,2,8,0.013988638314630843,0.09509477469981872,0.06528242928748208,0.0044477090000327735,0.0,0.0
medium_cartpole_like_quadratic,Medium,20266006,MBLinear,-1,8,0.19653943164613144,1.4104693696452535,0.8173515739806141,0.032203833000039594,0.0,0.0
medium_cartpole_like_quadratic,Medium,20265007,BE,-1,8,0.000982959594378794,0.1835098655112242,0.12574122058771972,0.0029139590001250326,0.0,0.0
medium_cartpole_like_quadratic,Medium,20265007,Gen2,2,8,0.015281854300271933,0.08554477219142735,0.06278818940909404,0.004537916000117548,0.0,0.0
medium_cartpole_like_quadratic,Medium,20266007,MBLinear,-1,6,0.15204170553100602,1.5273187632390854,0.676901517168837,0.02697070900012477,0.0,0.0
medium_cartpole_like_quadratic,Medium,20265008,BE,-1,8,0.0019251561782521519,0.2518803499019636,0.1482860746761828,0.0023120000000744767,0.0,0.0
medium_cartpole_like_quadratic,Medium,20265008,Gen2,2,8,0.019183896184688763,0.1339123028546637,0.07805570868129001,0.004887415999746736,0.0,0.0
medium_cartpole_like_quadratic,Medium,20266008,MBLinear,-1,8,0.19841237581300944,0.8132944528584475,0.4597682587873404,0.035705582999980834,0.0,0.0
medium_cartpole_like_quadratic,Medium,20265009,BE,-1,8,0.0011914885681687888,0.22805395010557758,0.15378038612498118,0.0021740000001955195,0.0,0.0
medium_cartpole_like_quadratic,Medium,20265009,Gen2,2,8,0.013274896267037244,0.1131441074315095,0.08062100598280282,0.004895375000160129,0.0,0.0
medium_cartpole_like_quadratic,Medium,20266009,MBLinear,-1,6,0.24946391815555677,1.6894305479957257,0.7947174718354575,0.026236874999995052,0.0,0.0
medium_cartpole_like_quadratic,Medium,20265010,BE,-1,8,0.0009473873034643127,0.1384019706316005,0.11379920675494644,0.002211041999998997,0.0,0.0
medium_cartpole_like_quadratic,Medium,20265010,Gen2,2,8,0.013162576918209013,0.0654017850672905,0.06448237654403172,0.004507583000304294,0.0,0.0
medium_cartpole_like_quadratic,Medium,20266010,MBLinear,-1,4,0.18079281508030892,0.9114079737751326,0.4696045755093203,0.02023404200008372,0.0,0.0
medium_cartpole_like_quadratic,Medium,20265011,BE,-1,8,0.0011223438787202468,0.335900218557819,0.20951982333387706,0.0028054579997842666,0.0,0.0
medium_cartpole_like_quadratic,Medium,20265011,Gen2,2,8,0.01433731319748572,0.16274947659765265,0.09720057130079049,0.005510708000201703,0.0,0.0
medium_cartpole_like_quadratic,Medium,20266011,MBLinear,-1,2,0.22323977250962665,0.8452325250322841,0.4518085172364493,0.011252667000007932,0.0,0.0
medium_cartpole_like_quadratic,Medium,20265010,BE,-1,8,0.000943286554020981,0.1395351374542599,0.11364513361675803,0.0022094160003689467,0.1,0.1
medium_cartpole_like_quadratic,Medium,20265010,Gen2,2,8,0.01315310782781476,0.070420975649852,0.06636187813655745,0.00543775000005553,0.1,0.1
medium_cartpole_like_quadratic,Medium,20266010,MBLinear,-1,4,0.18154280327780428,0.9117819967627188,0.4696532262118909,0.024602541999684036,0.1,0.1
medium_cartpole_like_quadratic,Medium,20265011,BE,-1,8,0.0011202758167638683,0.33393976785889856,0.20776095643407547,0.0021377910002229328,0.1,0.1
medium_cartpole_like_quadratic,Medium,20265011,Gen2,2,8,0.014278069674843545,0.16065104499789284,0.09603225774022064,0.00445645899981173,0.1,0.1
medium_cartpole_like_quadratic,Medium,20266011,MBLinear,-1,2,0.22466632184773044,0.8445157962915875,0.45238485831898256,0.012167374999989988,0.1,0.1
medium_cartpole_like_quadratic,Medium,20265012,BE,-1,8,0.0013486937517638803,0.11457679743654597,0.0906939974741295,0.0021575000000666478,0.1,0.1
medium_cartpole_like_quadratic,Medium,20265012,Gen2,2,8,0.02036829595209676,0.0612826057418074,0.05115911182577905,0.004599332999987382,0.1,0.1
medium_cartpole_like_quadratic,Medium,20266012,MBLinear,-1,2,0.14372077614567275,1.3009812095001223,0.6532993915662264,0.01218391700012944,0.1,0.1
medium_cartpole_like_quadratic,Medium,20265013,BE,-1,8,0.0014405546324030155,0.32345380256936507,0.16757164693575682,0.002154750000045169,0.1,0.1
medium_cartpole_like_quadratic,Medium,20265013,Gen2,2,8,0.014375494367006098,0.14275564290057083,0.0825613202330939,0.004440249999788648,0.1,0.1
medium_cartpole_like_quadratic,Medium,20266013,MBLinear,-1,6,0.14774455719695054,0.9356579415781253,0.5344364213300422,0.03255579200003922,0.1,0.1
medium_cartpole_like_quadratic,Medium,20265014,BE,-1,8,0.0010948509486547271,0.15482447946417094,0.11805205869406603,0.0021607080002468138,0.1,0.1
medium_cartpole_like_quadratic,Medium,20265014,Gen2,2,8,0.016127036880571315,0.09809099171062889,0.06370199690972259,0.00454249999984313,0.1,0.1
medium_cartpole_like_quadratic,Medium,20266014,MBLinear,-1,4,0.19498444806549756,0.8654226136567486,0.45453884182142745,0.02450841700010642,0.1,0.1
medium_cartpole_like_quadratic,Medium,20265015,BE,-1,8,0.0012557270922674685,0.16529476325098932,0.11546107326441511,0.003348124999774882,0.1,0.1
medium_cartpole_like_quadratic,Medium,20265015,Gen2,2,8,0.01904038690846746,0.10080912751455828,0.06835987918111323,0.00490645800027778,0.1,0.1
medium_cartpole_like_quadratic,Medium,20266015,MBLinear,-1,4,0.17593008149617706,1.051599483007885,0.64023926149991,0.019318291999752546,0.1,0.1
medium_cartpole_like_quadratic,Medium,20265016,BE,-1,8,0.0014026345214698639,0.14413102244432793,0.10003001037307742,0.002521625000099448,0.1,0.1
medium_cartpole_like_quadratic,Medium,20265016,Gen2,2,8,0.01705476278736413,0.07229424734204518,0.055994604792574294,0.005710833999728493,0.1,0.1
medium_cartpole_like_quadratic,Medium,20266016,MBLinear,-1,1,0.22422219987040443,1.2389052322398166,0.6104579470570866,0.009444916000120429,0.1,0.1
medium_cartpole_like_quadratic,Medium,20265017,BE,-1,8,0.0011977626373339515,0.17864127999203872,0.11961887446275696,0.002173458000015671,0.1,0.1
medium_cartpole_like_quadratic,Medium,20265017,Gen2,2,8,0.015248672203142943,0.08565410564227346,0.06480259693125365,0.004528959000253963,0.1,0.1
medium_cartpole_like_quadratic,Medium,20266017,MBLinear,-1,4,0.11574310533890267,0.68323883062365,0.44177641241714,0.018446749999839085,0.1,0.1
medium_cartpole_like_quadratic,Medium,20265018,BE,-1,8,0.0020092667262515385,0.3082436391973943,0.15797773045369187,0.002243916000224999,0.1,0.1
medium_cartpole_like_quadratic,Medium,20265018,Gen2,2,8,0.019053003380779567,0.2349566136997021,0.11035155798461527,0.0065702499996405095,0.1,0.1
medium_cartpole_like_quadratic,Medium,20266018,MBLinear,-1,2,0.11043326300340937,1.2157470715949823,0.6643384981620312,0.013597250000202621,0.1,0.1
medium_cartpole_like_quadratic,Medium,20265019,BE,-1,8,0.0016530538180407272,0.15385839015750716,0.10482165139055585,0.0021552089997385337,0.1,0.1
medium_cartpole_like_quadratic,Medium,20265019,Gen2,2,8,0.02126510257329271,0.08901122839401014,0.061941394332877965,0.004940125000302942,0.1,0.1
medium_cartpole_like_quadratic,Medium,20266019,MBLinear,-1,8,0.16048264294947295,1.1522526887022577,0.6552263644552005,0.03492908299995179,0.1,0.1
medium_cartpole_like_quadratic,Medium,20265020,BE,-1,8,0.0012582670243509602,0.14003253769071883,0.13903966399628778,0.002688667000256828,0.1,0.1
medium_cartpole_like_quadratic,Medium,20265020,Gen2,2,8,0.019542081399277163,0.07828319709590154,0.07190977397502177,0.005237583000052837,0.1,0.1
medium_cartpole_like_quadratic,Medium,20266020,MBLinear,-1,8,0.1819873282654522,1.1003368730576326,0.558810876123749,0.029939665999791032,0.1,0.1
medium_cartpole_like_quadratic,Medium,20265021,BE,-1,8,0.0009012616170970277,0.20476547413542515,0.14886014822155866,0.0028591250002136803,0.1,0.1
medium_cartpole_like_quadratic,Medium,20265021,Gen2,2,8,0.012417659453894715,0.1105941332868335,0.07805542222232197,0.0044245419999242586,0.1,0.1
medium_cartpole_like_quadratic,Medium,20266021,MBLinear,-1,6,0.16602146423250574,0.8857795420524176,0.5397431209426938,0.026818457999979728,0.1,0.1
medium_cartpole_like_quadratic,Medium,20265020,BE,-1,8,0.0012667224020514987,0.14299777896727658,0.13924960234115566,0.0021557499999289575,0.2,0.2
medium_cartpole_like_quadratic,Medium,20265020,Gen2,2,8,0.01977596757150921,0.08114021119484753,0.07344362608873951,0.004422791999786568,0.2,0.2
medium_cartpole_like_quadratic,Medium,20266020,MBLinear,-1,8,0.18289331386304383,1.0972107083624631,0.5595768942553104,0.031185542000002897,0.2,0.2
medium_cartpole_like_quadratic,Medium,20265021,BE,-1,8,0.0008949072511131871,0.20762555678155845,0.14905500202162875,0.0031012499998723797,0.2,0.2
medium_cartpole_like_quadratic,Medium,20265021,Gen2,2,8,0.0123600760841429,0.1159140720122217,0.08011670697837553,0.004450709000138886,0.2,0.2
medium_cartpole_like_quadratic,Medium,20266021,MBLinear,-1,6,0.16733243486390595,0.8860334286951143,0.5410857876849423,0.025573999999778607,0.2,0.2
medium_cartpole_like_quadratic,Medium,20265022,BE,-1,8,0.001238221126061805,0.17565372721714365,0.11262134268492362,0.002183125000101427,0.2,0.2
medium_cartpole_like_quadratic,Medium,20265022,Gen2,2,8,0.017691241363644142,0.0944677314102954,0.06434742577767891,0.004470416999993176,0.2,0.2
medium_cartpole_like_quadratic,Medium,20266022,MBLinear,-1,8,0.22745954548129357,1.4699863274972644,0.7326238543156821,0.033057000000098924,0.2,0.2
medium_cartpole_like_quadratic,Medium,20265023,BE,-1,8,0.001096996464742367,0.18572092168049292,0.14668784094700485,0.0021842080000169517,0.2,0.2
medium_cartpole_like_quadratic,Medium,20265023,Gen2,2,8,0.015193124279479364,0.11863004150740009,0.0752258037234335,0.00448591700023826,0.2,0.2
medium_cartpole_like_quadratic,Medium,20266023,MBLinear,-1,2,0.1670894021707284,1.057525377063232,0.617836243709304,0.0134486250003647,0.2,0.2
medium_cartpole_like_quadratic,Medium,20265024,BE,-1,8,0.0011020543370286533,0.16561262452574738,0.10922918174077957,0.003088792000198737,0.2,0.2
medium_cartpole_like_quadratic,Medium,20265024,Gen2,2,8,0.01797444959876712,0.09569275061687707,0.06547541198585875,0.004445916999884503,0.2,0.2
medium_cartpole_like_quadratic,Medium,20266024,MBLinear,-1,8,0.2557821205089038,1.086222214084399,0.5351094716115407,0.03519175000019459,0.2,0.2
medium_cartpole_like_quadratic,Medium,20265025,BE,-1,8,0.0012200412869915159,0.21588195360856968,0.12879851396437347,0.002190040999721532,0.2,0.2
medium_cartpole_like_quadratic,Medium,20265025,Gen2,2,8,0.01885147086805818,0.1437773923213833,0.08276846875207579,0.005506541000158904,0.2,0.2
medium_cartpole_like_quadratic,Medium,20266025,MBLinear,-1,2,0.12093105223703193,1.2434430226232802,0.594609409878735,0.014695542000026762,0.2,0.2
medium_cartpole_like_quadratic,Medium,20265026,BE,-1,8,0.0012292848655906484,0.14701595238623838,0.12002368722473324,0.0021621660002892895,0.2,0.2
medium_cartpole_like_quadratic,Medium,20265026,Gen2,2,8,0.02013769587049221,0.08312307697510167,0.06808068522431389,0.005384458000207815,0.2,0.2
medium_cartpole_like_quadratic,Medium,20266026,MBLinear,-1,4,0.16042211414591914,1.3061312275890913,0.6006345072329438,0.017463708999912342,0.2,0.2
medium_cartpole_like_quadratic,Medium,20265027,BE,-1,8,0.0011037239298383854,0.13931863834363228,0.1091022681111831,0.00236087499979476,0.2,0.2
medium_cartpole_like_quadratic,Medium,20265027,Gen2,2,8,0.014997728030753334,0.09330377881060138,0.06368215357777197,0.004513124999903084,0.2,0.2
medium_cartpole_like_quadratic,Medium,20266027,MBLinear,-1,8,0.23033363797457332,0.949938844893137,0.4864189897404064,0.030321624999942287,0.2,0.2
medium_cartpole_like_quadratic,Medium,20265028,BE,-1,8,0.0013972937653137704,0.19766894727918768,0.11686242780969244,0.002170499999920139,0.2,0.2
medium_cartpole_like_quadratic,Medium,20265028,Gen2,2,8,0.02135823532983356,0.10551999339114225,0.0647652439061229,0.004441916999894602,0.2,0.2
medium_cartpole_like_quadratic,Medium,20266028,MBLinear,-1,2,0.18008516023118387,0.6875200960671797,0.38552705120076036,0.011509334000038507,0.2,0.2
medium_cartpole_like_quadratic,Medium,20265029,BE,-1,8,0.0011967118815593171,0.161020704352531,0.10471257839948965,0.002171000000089407,0.2,0.2
medium_cartpole_like_quadratic,Medium,20265029,Gen2,2,8,0.018122632395208393,0.09111575030050477,0.06235463817449368,0.005018666999603738,0.2,0.2
medium_cartpole_like_quadratic,Medium,20266029,MBLinear,-1,8,0.17560540703656669,1.1074610866125876,0.5645498399372509,0.033257791999858455,0.2,0.2
medium_cartpole_like_quadratic,Medium,20265030,BE,-1,8,0.0010669080573193573,0.16291449672683686,0.12502628182309428,0.002174415999888879,0.2,0.2
medium_cartpole_like_quadratic,Medium,20265030,Gen2,2,8,0.013563992387774655,0.10093075314462317,0.07226562889688012,0.00713312500010943,0.2,0.2
medium_cartpole_like_quadratic,Medium,20266030,MBLinear,-1,2,0.212657141232474,1.2971827095752326,0.6068075300885016,0.012414208999871335,0.2,0.2
medium_cartpole_like_quadratic,Medium,20265031,BE,-1,8,0.0009662430114970878,0.20135920471812074,0.12598444341411058,0.0025249579998671834,0.2,0.2
medium_cartpole_like_quadratic,Medium,20265031,Gen2,2,8,0.013046606548187362,0.10675336957541531,0.06815929537198537,0.005563375000292581,0.2,0.2
medium_cartpole_like_quadratic,Medium,20266031,MBLinear,-1,6,0.200241039912183,0.9630965474060518,0.49005873198171657,0.0263773750002656,0.2,0.2
medium_cartpole_like_quadratic,Medium,20265035,BE,-1,8,0.0011455973002703203,0.19697357672840626,0.13757727570331607,0.0027189999996153347,0.35,0.35
medium_cartpole_like_quadratic,Medium,20265035,Gen2,2,8,0.01771185477496525,0.11923684582328781,0.08116884474148853,0.004482166000343568,0.35,0.35
medium_cartpole_like_quadratic,Medium,20266035,MBLinear,-1,8,0.15942911418110664,1.4693765964641026,0.6683428105775469,0.035220125000250846,0.35,0.35
medium_cartpole_like_quadratic,Medium,20265036,BE,-1,8,0.0011331722005298182,0.16208352395936865,0.11902948048226988,0.0030697499996676925,0.35,0.35
medium_cartpole_like_quadratic,Medium,20265036,Gen2,2,8,0.014954206188514386,0.10443870296452473,0.0734892116041181,0.005084458000055747,0.35,0.35
medium_cartpole_like_quadratic,Medium,20266036,MBLinear,-1,4,0.1636939473960546,0.962373631037191,0.5215426286741307,0.020977707999918493,0.35,0.35
medium_cartpole_like_quadratic,Medium,20265037,BE,-1,8,0.0010768113287327895,0.1440986065276648,0.10446173943675367,0.00215325000044686,0.35,0.35
medium_cartpole_like_quadratic,Medium,20265037,Gen2,2,8,0.016303504158197375,0.10537877540130232,0.06846709066398643,0.004639208000298822,0.35,0.35
medium_cartpole_like_quadratic,Medium,20266037,MBLinear,-1,2,0.1920516944226455,0.5943960824237495,0.46230393361162925,0.015890915999989375,0.35,0.35
medium_cartpole_like_quadratic,Medium,20265038,BE,-1,8,0.0008505045554751566,0.19990878095627487,0.13326135064703484,0.0028897500001221488,0.35,0.35
medium_cartpole_like_quadratic,Medium,20265038,Gen2,2,8,0.011848503951507014,0.10615335645064361,0.07455360850925268,0.005335250000371161,0.35,0.35
medium_cartpole_like_quadratic,Medium,20266038,MBLinear,-1,8,0.165316938051065,1.2380461170543648,0.6099189905194883,0.034049916000185476,0.35,0.35
medium_cartpole_like_quadratic,Medium,20265039,BE,-1,8,0.0009920153349930905,0.17717217120208656,0.13728440274622353,0.002209082999797829,0.35,0.35
medium_cartpole_like_quadratic,Medium,20265039,Gen2,2,8,0.017606941450118128,0.10717334955958029,0.07757541621722651,0.004453375000139204,0.35,0.35
medium_cartpole_like_quadratic,Medium,20266039,MBLinear,-1,2,0.20716739882476568,1.0036157421409515,0.6276428963605063,0.011519666999902256,0.35,0.35
medium_cartpole_like_quadratic,Medium,20265040,BE,-1,8,0.0015384825433853353,0.14493128223744245,0.1111264481317218,0.0026472079998711706,0.35,0.35
medium_cartpole_like_quadratic,Medium,20265040,Gen2,2,8,0.023239805947194492,0.08762005444827313,0.06809630973908455,0.005112708000069688,0.35,0.35
medium_cartpole_like_quadratic,Medium,20266040,MBLinear,-1,6,0.16991201018901142,1.2979411588528045,0.6509992925773439,0.029607708999719762,0.35,0.35
medium_cartpole_like_quadratic,Medium,20265041,BE,-1,8,0.0016130865687490972,0.14389070756412134,0.1109555089987682,0.0021825829999215784,0.35,0.35
medium_cartpole_like_quadratic,Medium,20265041,Gen2,2,8,0.02700913850522648,0.10661501055845517,0.07243177970027867,0.004510458000368089,0.35,0.35
medium_cartpole_like_quadratic,Medium,20266041,MBLinear,-1,2,0.15507976905166831,1.6883449740000511,0.7525601475542649,0.013574749999861524,0.35,0.35
medium_cartpole_like_quadratic,Medium,20265042,BE,-1,8,0.0009260685103697067,0.16908396507446152,0.13434449283338834,0.002246416000161844,0.35,0.35
medium_cartpole_like_quadratic,Medium,20265042,Gen2,2,8,0.01306772140646339,0.10047052830847207,0.07265768312427927,0.005112833000112005,0.35,0.35
medium_cartpole_like_quadratic,Medium,20266042,MBLinear,-1,8,0.18187791611693097,0.9156201263204148,0.45627587269566977,0.036648541999966255,0.35,0.35
medium_cartpole_like_quadratic,Medium,20265043,BE,-1,8,0.0009777363070506179,0.16037700895359863,0.13500854006517296,0.002176041999973677,0.35,0.35
medium_cartpole_like_quadratic,Medium,20265043,Gen2,2,8,0.01813067501800538,0.09283654481677622,0.07340819876090872,0.004502750000028755,0.35,0.35
medium_cartpole_like_quadratic,Medium,20266043,MBLinear,-1,4,0.22688808023770507,0.6361606344482377,0.392159284663248,0.0195927920003669,0.35,0.35
medium_cartpole_like_quadratic,Medium,20265044,BE,-1,8,0.0017098339203516955,0.21858505174045098,0.1437388407689283,0.0021864169998480065,0.35,0.35
medium_cartpole_like_quadratic,Medium,20265044,Gen2,2,8,0.025276516357555453,0.09819356933620263,0.06943535844911286,0.004469334000077652,0.35,0.35
medium_cartpole_like_quadratic,Medium,20266044,MBLinear,-1,1,0.17762588385259,1.0860175177774718,0.7119112709139369,0.012449457999991864,0.35,0.35
medium_cartpole_like_quadratic,Medium,20265045,BE,-1,8,0.0017727535074797327,0.15753400781233182,0.11180382427665349,0.0025976669999181468,0.35,0.35
medium_cartpole_like_quadratic,Medium,20265045,Gen2,2,8,0.024379324234563102,0.112207574334058,0.07630593924771585,0.00444779200006451,0.35,0.35
medium_cartpole_like_quadratic,Medium,20266045,MBLinear,-1,1,0.19630794298220347,0.6678420129206863,0.5857589281385905,0.009259916999781126,0.35,0.35
medium_cartpole_like_quadratic,Medium,20265046,BE,-1,8,0.0015456612937697618,0.1495977412362171,0.12108238769360186,0.002709124999910273,0.35,0.35
medium_cartpole_like_quadratic,Medium,20265046,Gen2,2,8,0.02041749628971727,0.10127979687815307,0.07549382471072673,0.004791000000295753,0.35,0.35
medium_cartpole_like_quadratic,Medium,20266046,MBLinear,-1,0,0.21708879978207435,1.0914850864365344,0.5614151447732251,0.005175374999907945,0.35,0.35
medium_cartpole_like_quadratic,Medium,20265050,BE,-1,8,0.0016785668596215055,0.2323093379228294,0.1385709039377814,0.002173792000121466,0.5,0.5
medium_cartpole_like_quadratic,Medium,20265050,Gen2,2,8,0.02823712958095711,0.12834197470734915,0.08728903751930495,0.004449582999768609,0.5,0.5
medium_cartpole_like_quadratic,Medium,20266050,MBLinear,-1,8,0.1654634386609366,0.7803976671852408,0.4895839409927036,0.03116033400010565,0.5,0.5
medium_cartpole_like_quadratic,Medium,20265051,BE,-1,8,0.001428852251121835,0.14100570013084582,0.11175824780856497,0.003078624999943713,0.5,0.5
medium_cartpole_like_quadratic,Medium,20265051,Gen2,2,8,0.026015077283731015,0.12104177346107228,0.08129775927847112,0.004511624999850028,0.5,0.5
medium_cartpole_like_quadratic,Medium,20266051,MBLinear,-1,4,0.2578844973666892,1.2550400921289677,0.5786622534920487,0.02197879200002717,0.5,0.5
medium_cartpole_like_quadratic,Medium,20265052,BE,-1,8,0.0011599033219502639,0.1863947064099594,0.11730427272192592,0.002196124999954918,0.5,0.5
medium_cartpole_like_quadratic,Medium,20265052,Gen2,2,8,0.017753583855188687,0.10503979676137158,0.07495247138738993,0.005795915999897261,0.5,0.5
medium_cartpole_like_quadratic,Medium,20266052,MBLinear,-1,6,0.13721997781730083,1.701190341877037,0.7590762698244328,0.026126125000246248,0.5,0.5
medium_cartpole_like_quadratic,Medium,20265053,BE,-1,8,0.0010418946828326873,0.14974713887773466,0.11450200563669334,0.003166832999795588,0.5,0.5
medium_cartpole_like_quadratic,Medium,20265053,Gen2,2,8,0.014484287796753752,0.09174521592874665,0.07355178523473727,0.004569291000279918,0.5,0.5
medium_cartpole_like_quadratic,Medium,20266053,MBLinear,-1,6,0.28015102533887687,1.9698785810729724,0.8919540699488329,0.027640374999919004,0.5,0.5
medium_cartpole_like_quadratic,Medium,20265054,BE,-1,8,0.0012929528317041897,0.19017811619892208,0.12445797709026078,0.00258037499997954,0.5,0.5
medium_cartpole_like_quadratic,Medium,20265054,Gen2,2,8,0.020534821417655422,0.1293413885399488,0.08428004620961767,0.005113165999773628,0.5,0.5
medium_cartpole_like_quadratic,Medium,20266054,MBLinear,-1,2,0.16276348835580096,0.6850865690496916,0.36581441861174385,0.015116458000193234,0.5,0.5
medium_cartpole_like_quadratic,Medium,20265055,BE,-1,8,0.001487233011732735,0.17326798270592497,0.14204299399027778,0.0024136669999279547,0.5,0.5
medium_cartpole_like_quadratic,Medium,20265055,Gen2,2,8,0.021417504527858396,0.12137598417817108,0.09400251203073251,0.005322792000242771,0.5,0.5
medium_cartpole_like_quadratic,Medium,20266055,MBLinear,-1,4,0.20856946512601304,1.2461918582456724,0.7199619016511213,0.020336166999641136,0.5,0.5
medium_cartpole_like_quadratic,Medium,20265056,BE,-1,8,0.00100820330194687,0.15978789326848292,0.11165513928363673,0.0026370840000708995,0.5,0.5
medium_cartpole_like_quadratic,Medium,20265056,Gen2,2,8,0.01286206305462434,0.1164420199522582,0.07654865601597749,0.004463708000002953,0.5,0.5
medium_cartpole_like_quadratic,Medium,20266056,MBLinear,-1,2,0.20792276053824923,0.9763496645475864,0.5348142957508223,0.015087416999904235,0.5,0.5
medium_cartpole_like_quadratic,Medium,20265057,BE,-1,8,0.0014520906028903104,0.26797481030436143,0.15784442355541392,0.002203207999627921,0.5,0.5
medium_cartpole_like_quadratic,Medium,20265057,Gen2,2,8,0.01689212075037634,0.22442367604160202,0.11576799632748244,0.005685624999841821,0.5,0.5
medium_cartpole_like_quadratic,Medium,20266057,MBLinear,-1,1,0.16552118999756418,1.4345748466982686,0.6758236584794991,0.012047083000197745,0.5,0.5
medium_cartpole_like_quadratic,Medium,20265058,BE,-1,8,0.001097051977521047,0.27135532748948726,0.16945307576020244,0.0025353330001962604,0.5,0.5
medium_cartpole_like_quadratic,Medium,20265058,Gen2,2,8,0.014275135900293133,0.1609710267743821,0.0998245980870705,0.005349416000171914,0.5,0.5
medium_cartpole_like_quadratic,Medium,20266058,MBLinear,-1,4,0.19193475123236473,1.055704416038294,0.6941606311101377,0.02187149999963367,0.5,0.5
medium_cartpole_like_quadratic,Medium,20265059,BE,-1,8,0.001104710331240071,0.17684199297093076,0.11972113566949723,0.0028072499999325373,0.5,0.5
medium_cartpole_like_quadratic,Medium,20265059,Gen2,2,8,0.012616726248892415,0.11663623785719934,0.08146032942945791,0.004854999999679421,0.5,0.5
medium_cartpole_like_quadratic,Medium,20266059,MBLinear,-1,4,0.13382091844067562,0.7315293183137788,0.43680865790633755,0.021035791000031168,0.5,0.5
medium_cartpole_like_quadratic,Medium,20265060,BE,-1,8,0.0010077153071055846,0.1606959718684201,0.12292793769485096,0.0021784169998682046,0.5,0.5
medium_cartpole_like_quadratic,Medium,20265060,Gen2,2,8,0.01453614865882683,0.10883386463990224,0.07406617956152427,0.004503124999700958,0.5,0.5
medium_cartpole_like_quadratic,Medium,20266060,MBLinear,-1,1,0.2762685866843734,0.8312249553057355,0.4615937130332092,0.008757791000334691,0.5,0.5
medium_cartpole_like_quadratic,Medium,20265061,BE,-1,8,0.0014685444627005274,0.18514489400182152,0.12268377760938418,0.0021566669997810095,0.5,0.5
medium_cartpole_like_quadratic,Medium,20265061,Gen2,2,8,0.023047628760407463,0.12517167253012712,0.08703587527705547,0.004495042000144167,0.5,0.5
medium_cartpole_like_quadratic,Medium,20266061,MBLinear,-1,6,0.13500226084390804,1.1023060191453062,0.56906372380695,0.024688707999757753,0.5,0.5
networked_lq_12d_quadratic,Large,20266000,BE,-1,8,0.01121152220835864,0.5091234943422067,0.329003959589389,0.011254791999817826,0.0,0.0
networked_lq_12d_quadratic,Large,20266000,Gen2,2,8,0.1603468274671962,0.38181471563840025,0.22309635329269634,0.021403084000212402,0.0,0.0
networked_lq_12d_quadratic,Large,20267000,MBLinear,-1,4,4.737101961303099,6.431018698472028,3.3185979289809184,0.029000042000006943,0.0,0.0
networked_lq_12d_quadratic,Large,20266001,BE,-1,8,0.013881942058128142,0.7115118670584066,0.5189842075391646,0.008543083999938972,0.0,0.0
networked_lq_12d_quadratic,Large,20266001,Gen2,2,8,0.1897486592023371,0.4967754325018164,0.30285123491174176,0.02401608300033331,0.0,0.0
networked_lq_12d_quadratic,Large,20267001,MBLinear,-1,8,4.603316144380039,5.800460301567257,3.182322889146812,0.0513384999999289,0.0,0.0
networked_lq_12d_quadratic,Large,20266002,BE,-1,8,0.010764693130359033,0.9339701463285145,0.5207150240427616,0.005695290999938152,0.0,0.0
networked_lq_12d_quadratic,Large,20266002,Gen2,2,8,0.15006763220866579,0.48250550297896805,0.2851501153990855,0.02227458299967111,0.0,0.0
networked_lq_12d_quadratic,Large,20267002,MBLinear,-1,6,5.115065189968115,4.870241203333957,3.183501394840454,0.04870733400002791,0.0,0.0
networked_lq_12d_quadratic,Large,20266003,BE,-1,8,0.011182360364557704,0.5231668336556438,0.4422627391510952,0.005640249999942171,0.0,0.0
networked_lq_12d_quadratic,Large,20266003,Gen2,2,8,0.1450945658537828,0.3566094303387309,0.2862910421258162,0.03269883300026777,0.0,0.0
networked_lq_12d_quadratic,Large,20267003,MBLinear,-1,2,5.00455092693386,4.44750843837377,2.485471645196206,0.01539854100019511,0.0,0.0
networked_lq_12d_quadratic,Large,20266004,BE,-1,8,0.010379781382818346,0.569161119968252,0.3928890019024594,0.016014833999633993,0.0,0.0
networked_lq_12d_quadratic,Large,20266004,Gen2,2,8,0.14811296520304365,0.35024699234827755,0.242882644646811,0.027579167000112648,0.0,0.0
networked_lq_12d_quadratic,Large,20267004,MBLinear,-1,8,5.559804489413959,4.305949571391051,2.674248046397754,0.06554158300014024,0.0,0.0
networked_lq_12d_quadratic,Large,20266005,BE,-1,8,0.01240657645045326,0.5259982887509319,0.45460241039611954,0.009134249999988242,0.0,0.0
networked_lq_12d_quadratic,Large,20266005,Gen2,2,8,0.15078700470946105,0.36393734035170916,0.26252061590298775,0.02171333299975231,0.0,0.0
networked_lq_12d_quadratic,Large,20267005,MBLinear,-1,8,5.25145879605856,6.832729603261861,3.8862211790516707,0.05964304100007212,0.0,0.0
networked_lq_12d_quadratic,Large,20266006,BE,-1,8,0.011174586463329169,0.563299556750633,0.3896511715431129,0.014660707999610167,0.0,0.0
networked_lq_12d_quadratic,Large,20266006,Gen2,2,8,0.1466119869573606,0.2589596107155277,0.1955835408558908,0.020729165999910037,0.0,0.0
networked_lq_12d_quadratic,Large,20267006,MBLinear,-1,8,5.710584962951262,4.461470138758852,2.683545294380894,0.064710333000221,0.0,0.0
networked_lq_12d_quadratic,Large,20266007,BE,-1,8,0.009693610587994091,0.6307448925313397,0.4073002000811186,0.01675387499972203,0.0,0.0
networked_lq_12d_quadratic,Large,20266007,Gen2,2,8,0.1329495055728532,0.4836126714899218,0.28062714063049327,0.030222833000152605,0.0,0.0
networked_lq_12d_quadratic,Large,20267007,MBLinear,-1,4,6.264684813463632,7.366335284932285,4.1571107351259675,0.033294458000000304,0.0,0.0
networked_lq_12d_quadratic,Large,20266010,BE,-1,8,0.011434289916583606,0.5792149073670741,0.401740004228408,0.015197833000001992,0.1,0.1
networked_lq_12d_quadratic,Large,20266010,Gen2,2,8,0.1525854720325786,0.46644958986872814,0.2689977436555905,0.040642792000198824,0.1,0.1
networked_lq_12d_quadratic,Large,20267010,MBLinear,-1,2,5.574887565634023,4.478887247979391,3.6795627840271443,0.022743333999642346,0.1,0.1
networked_lq_12d_quadratic,Large,20266011,BE,-1,8,0.010363036701702584,0.4418454809451969,0.3774095709037202,0.013052917000095476,0.1,0.1
networked_lq_12d_quadratic,Large,20266011,Gen2,2,8,0.16115552092576296,0.28811700718265304,0.2100429296062006,0.03943183399996997,0.1,0.1
networked_lq_12d_quadratic,Large,20267011,MBLinear,-1,6,6.122215889230373,4.458010220884956,2.846298200197298,0.04968125000004875,0.1,0.1
networked_lq_12d_quadratic,Large,20266012,BE,-1,8,0.016323373466762763,0.5175537433988958,0.3716926105100881,0.00918970900011118,0.1,0.1
networked_lq_12d_quadratic,Large,20266012,Gen2,2,8,0.19419896703999961,0.315844918326626,0.21202039903999526,0.03060641599995506,0.1,0.1
networked_lq_12d_quadratic,Large,20267012,MBLinear,-1,2,5.978292306908416,7.804125765209776,4.001822767771198,0.021134375000201544,0.1,0.1
networked_lq_12d_quadratic,Large,20266013,BE,-1,8,0.012178663824703928,0.4976106480818198,0.37540067600887866,0.008811540999886347,0.1,0.1
networked_lq_12d_quadratic,Large,20266013,Gen2,2,8,0.17138482669611224,0.2930713539855409,0.21308080827432072,0.02441816700002164,0.1,0.1
networked_lq_12d_quadratic,Large,20267013,MBLinear,-1,1,4.833476996573277,4.201690618879639,2.681365196638451,0.01713120800013712,0.1,0.1
networked_lq_12d_quadratic,Large,20266014,BE,-1,8,0.008825258014006293,0.5162908678959356,0.38918880285692004,0.012784084000031726,0.1,0.1
networked_lq_12d_quadratic,Large,20266014,Gen2,2,8,0.14591790475639077,0.3278833168559434,0.22601127162939585,0.023791000000073836,0.1,0.1
networked_lq_12d_quadratic,Large,20267014,MBLinear,-1,4,4.952463784928793,6.222824348552993,3.2744730836202844,0.03531424999982846,0.1,0.1
networked_lq_12d_quadratic,Large,20266015,BE,-1,8,0.011748306938135352,0.3777795095213021,0.39275036606423924,0.0121400419998281,0.1,0.1
networked_lq_12d_quadratic,Large,20266015,Gen2,2,8,0.17921073497522444,0.2954128587443577,0.24469556675703605,0.037231665999570396,0.1,0.1
networked_lq_12d_quadratic,Large,20267015,MBLinear,-1,8,6.09790617200404,7.252724970435167,3.731794563091994,0.06424425000022893,0.1,0.1
networked_lq_12d_quadratic,Large,20266016,BE,-1,8,0.01184024887406017,0.5734048633328106,0.40647544057463453,0.016439416000139317,0.1,0.1
networked_lq_12d_quadratic,Large,20266016,Gen2,2,8,0.16934764851852072,0.39215972298537466,0.26481782074531734,0.03717033299972172,0.1,0.1
networked_lq_12d_quadratic,Large,20267016,MBLinear,-1,8,4.561674373694168,8.142893940779938,4.384198500470004,0.0637165409998488,0.1,0.1
networked_lq_12d_quadratic,Large,20266017,BE,-1,8,0.009752911635332963,0.7024534307532962,0.44294353640007644,0.010056541000267316,0.1,0.1
networked_lq_12d_quadratic,Large,20266017,Gen2,2,8,0.15579441624568283,0.5295048356618389,0.33160015107283336,0.02882670799999687,0.1,0.1
networked_lq_12d_quadratic,Large,20267017,MBLinear,-1,6,5.918978116896866,5.134457307573996,2.8459232106957795,0.048995916999956535,0.1,0.1
networked_lq_12d_quadratic,Large,20266020,BE,-1,8,0.011729434188279706,0.5345704227755191,0.4387807773744219,0.009010665999994671,0.2,0.2
networked_lq_12d_quadratic,Large,20266020,Gen2,2,8,0.13979226997034666,0.3296370184106263,0.2971574850565958,0.028454708000026585,0.2,0.2
networked_lq_12d_quadratic,Large,20267020,MBLinear,-1,6,5.536492908864962,5.682711482820698,3.4939143017000895,0.05076279200011413,0.2,0.2
networked_lq_12d_quadratic,Large,20266021,BE,-1,8,0.010884579681594654,0.5734285254083943,0.3658532891561597,0.021636625000155618,0.2,0.2
networked_lq_12d_quadratic,Large,20266021,Gen2,2,8,0.14957328858641233,0.41640640445082344,0.25740266902748093,0.025399541999831854,0.2,0.2
networked_lq_12d_quadratic,Large,20267021,MBLinear,-1,8,4.626525573738545,4.400532299501635,2.557126246778086,0.06083729200008747,0.2,0.2
networked_lq_12d_quadratic,Large,20266022,BE,-1,8,0.009156526147531084,0.5780060124479061,0.4050055928576268,0.008172707999619888,0.2,0.2
networked_lq_12d_quadratic,Large,20266022,Gen2,2,8,0.1343258441897281,0.3655214585960984,0.2291769108268654,0.029213457999958337,0.2,0.2
networked_lq_12d_quadratic,Large,20267022,MBLinear,-1,8,6.596201728102315,5.82393437397258,3.158249949152111,0.06696220800040464,0.2,0.2
networked_lq_12d_quadratic,Large,20266023,BE,-1,8,0.011830159957658579,0.666815719824419,0.4335938353219901,0.019926583000142273,0.2,0.2
networked_lq_12d_quadratic,Large,20266023,Gen2,2,8,0.16396018672462545,0.4642935797833466,0.24986520300189288,0.031152333000136423,0.2,0.2
networked_lq_12d_quadratic,Large,20267023,MBLinear,-1,8,4.6435763485700905,8.027714184099652,4.055788598227911,0.06959341599986146,0.2,0.2
networked_lq_12d_quadratic,Large,20266024,BE,-1,8,0.008792373644185576,0.5203442834984978,0.46727793890908675,0.017636416999721405,0.2,0.2
networked_lq_12d_quadratic,Large,20266024,Gen2,2,8,0.1376101971491922,0.3708317660416226,0.33254430862606504,0.016811624999718333,0.2,0.2
networked_lq_12d_quadratic,Large,20267024,MBLinear,-1,6,7.771101324122071,6.235789020911928,3.427301935804496,0.04801504199986084,0.2,0.2
networked_lq_12d_quadratic,Large,20266025,BE,-1,8,0.00834222966978568,0.5385885190023556,0.39776334799277846,0.019751332999931037,0.2,0.2
networked_lq_12d_quadratic,Large,20266025,Gen2,2,8,0.1246787672180983,0.3848624903893145,0.27675513399505586,0.04088545900003737,0.2,0.2
networked_lq_12d_quadratic,Large,20267025,MBLinear,-1,1,5.533060104914682,6.313515493502423,3.6751044896181706,0.017290333000346436,0.2,0.2
networked_lq_12d_quadratic,Large,20266026,BE,-1,8,0.010743733538965678,0.6003130468099377,0.42262047869588487,0.018065875000047527,0.2,0.2
networked_lq_12d_quadratic,Large,20266026,Gen2,2,8,0.16209698719280302,0.49013960979263577,0.2951055503118452,0.03558199999997669,0.2,0.2
networked_lq_12d_quadratic,Large,20267026,MBLinear,-1,8,5.857505282190586,8.300335467638309,4.160334641483607,0.07037762499976452,0.2,0.2
networked_lq_12d_quadratic,Large,20266027,BE,-1,8,0.01075623892494676,0.48967422960110824,0.31919325850465674,0.015565959000014118,0.2,0.2
networked_lq_12d_quadratic,Large,20266027,Gen2,2,8,0.1501060688155411,0.34612560474229775,0.2078957008786756,0.038550084000235074,0.2,0.2
networked_lq_12d_quadratic,Large,20267027,MBLinear,-1,8,4.2006439545106,4.49265768698898,2.476195523983649,0.06830600000012055,0.2,0.2
networked_lq_12d_quadratic,Large,20266035,BE,-1,8,0.012139140092739559,0.6256828028089654,0.4027001678169366,0.016750999999658234,0.35,0.35
networked_lq_12d_quadratic,Large,20266035,Gen2,2,8,0.14080507229933734,0.4378942607532845,0.2750374031526337,0.04768958399972689,0.35,0.35
networked_lq_12d_quadratic,Large,20267035,MBLinear,-1,2,5.9066756648063885,5.867553104340042,3.2624964782554664,0.019705709000390925,0.35,0.35
networked_lq_12d_quadratic,Large,20266036,BE,-1,8,0.009268550163266342,0.786196586488525,0.46457670932276757,0.01420095899993612,0.35,0.35
networked_lq_12d_quadratic,Large,20266036,Gen2,2,8,0.1490932882773892,0.7485755703008959,0.4119309786057097,0.01711183399993388,0.35,0.35
networked_lq_12d_quadratic,Large,20267036,MBLinear,-1,8,5.716163068076845,6.092061691612485,3.95861899146415,0.06956658299986884,0.35,0.35
networked_lq_12d_quadratic,Large,20266037,BE,-1,8,0.011420489979766725,0.7420800880267354,0.4412573047584588,0.014872834000016155,0.35,0.35
networked_lq_12d_quadratic,Large,20266037,Gen2,2,8,0.15897420188187456,0.6255878953637227,0.3392996985800902,0.03250549999984287,0.35,0.35
networked_lq_12d_quadratic,Large,20267037,MBLinear,-1,6,4.420245404004811,5.242915049839385,2.8640111195362974,0.058607542000117974,0.35,0.35
networked_lq_12d_quadratic,Large,20266038,BE,-1,8,0.010016278258749477,0.6792571759137808,0.4156194560593678,0.005660083999828203,0.35,0.35
networked_lq_12d_quadratic,Large,20266038,Gen2,2,8,0.15016933358480972,0.510796904755766,0.2764407052140333,0.0316939999997885,0.35,0.35
networked_lq_12d_quadratic,Large,20267038,MBLinear,-1,4,5.434183825095713,5.384922179189992,3.0442500428952535,0.034506374999637046,0.35,0.35
networked_lq_12d_quadratic,Large,20266039,BE,-1,8,0.007687202809597507,0.5206822305653566,0.4122414747966821,0.013183500000195636,0.35,0.35
networked_lq_12d_quadratic,Large,20266039,Gen2,2,8,0.14082595300812165,0.3919345724574809,0.3038715634868335,0.019468500000130007,0.35,0.35
networked_lq_12d_quadratic,Large,20267039,MBLinear,-1,6,7.040438504454841,5.957876377946336,3.128480536659071,0.054670791999797075,0.35,0.35
networked_lq_12d_quadratic,Large,20266040,BE,-1,8,0.008270737985843888,0.4546173282088431,0.3542100249516718,0.00643304100003661,0.35,0.35
networked_lq_12d_quadratic,Large,20266040,Gen2,2,8,0.12205766623958544,0.38223691144960087,0.249835372810566,0.016071542000190675,0.35,0.35
networked_lq_12d_quadratic,Large,20267040,MBLinear,-1,6,5.729874185141486,6.103433951123027,3.432804933433547,0.05528170800016596,0.35,0.35
networked_lq_12d_quadratic,Large,20266041,BE,-1,8,0.012040740555517583,0.7164437130993798,0.4392182955722849,0.019131374999687978,0.35,0.35
networked_lq_12d_quadratic,Large,20266041,Gen2,2,8,0.14802524226660088,0.5966379104386058,0.322132038736491,0.03741270800037455,0.35,0.35
networked_lq_12d_quadratic,Large,20267041,MBLinear,-1,4,7.415191199702771,9.515906812131156,4.9523395868314735,0.04050870799983386,0.35,0.35
networked_lq_12d_quadratic,Large,20266042,BE,-1,8,0.013002137419385726,0.7979919717726481,0.5064362104051466,0.011300499999833846,0.35,0.35
networked_lq_12d_quadratic,Large,20266042,Gen2,2,8,0.16217641156098767,0.579240538037543,0.3500618655558433,0.03999216600004729,0.35,0.35
networked_lq_12d_quadratic,Large,20267042,MBLinear,-1,8,5.9323246550743844,6.062315439552243,3.338155778107457,0.0759887079998407,0.35,0.35
networked_lq_12d_quadratic,Large,20266050,BE,-1,8,0.010767145884729485,0.796625053309128,0.47794546782573566,0.01727820799987967,0.5,0.5
networked_lq_12d_quadratic,Large,20266050,Gen2,2,8,0.14776723396429686,0.6029786103832985,0.3544429388596749,0.03152124999996886,0.5,0.5
networked_lq_12d_quadratic,Large,20267050,MBLinear,-1,8,5.272654696448039,4.44028295503505,2.790557776524132,0.0730132919998141,0.5,0.5
networked_lq_12d_quadratic,Large,20266051,BE,-1,8,0.013891663969895551,0.7126253209163699,0.4175555509647411,0.016867958000148064,0.5,0.5
networked_lq_12d_quadratic,Large,20266051,Gen2,2,8,0.18304359089111447,0.5126235912179773,0.2845209426444347,0.03914066700008334,0.5,0.5
networked_lq_12d_quadratic,Large,20267051,MBLinear,-1,2,6.585238574846309,5.827687146788773,3.3829409605902216,0.02298350000000937,0.5,0.5
networked_lq_12d_quadratic,Large,20266052,BE,-1,8,0.008873976066996489,0.6656513666297643,0.4295689380604579,0.0195613749997392,0.5,0.5
networked_lq_12d_quadratic,Large,20266052,Gen2,2,8,0.14022543591074924,0.5507954399650671,0.32165851260540246,0.031255749999672844,0.5,0.5
networked_lq_12d_quadratic,Large,20267052,MBLinear,-1,8,4.864941781409533,6.349845034596874,3.6552024396082574,0.06514291599978606,0.5,0.5
networked_lq_12d_quadratic,Large,20266053,BE,-1,8,0.00814427095016688,0.7902155466990287,0.6140734696812938,0.011355416000242258,0.5,0.5
networked_lq_12d_quadratic,Large,20266053,Gen2,2,8,0.1429117976810089,0.5268132318294854,0.45590609778594304,0.036215125000126136,0.5,0.5
networked_lq_12d_quadratic,Large,20267053,MBLinear,-1,8,5.032135752821438,6.29539129296317,3.7378949414360614,0.07801437499983876,0.5,0.5
networked_lq_12d_quadratic,Large,20266054,BE,-1,8,0.009689971861139348,0.5233342676585724,0.38430890347237606,0.02177574999996068,0.5,0.5
networked_lq_12d_quadratic,Large,20266054,Gen2,2,8,0.1473824909634525,0.4300491702889093,0.2825831677586471,0.03759608300015316,0.5,0.5
networked_lq_12d_quadratic,Large,20267054,MBLinear,-1,2,6.7005693271025875,5.573490035230856,3.7263564748312277,0.02069491600013862,0.5,0.5
networked_lq_12d_quadratic,Large,20266055,BE,-1,8,0.011490266194193305,0.4657189599988032,0.4325478438275761,0.014725832999829436,0.5,0.5
networked_lq_12d_quadratic,Large,20266055,Gen2,2,8,0.14754626502762985,0.3259471723495636,0.2647315395210269,0.026826416999938374,0.5,0.5
networked_lq_12d_quadratic,Large,20267055,MBLinear,-1,6,5.368537519907496,2.7554989579005817,2.463096884998664,0.05660804199987979,0.5,0.5
networked_lq_12d_quadratic,Large,20266056,BE,-1,8,0.009585487375873608,0.5744627770791246,0.4076844935528189,0.015415834000123141,0.5,0.5
networked_lq_12d_quadratic,Large,20266056,Gen2,2,8,0.14483263420420608,0.43778584043756363,0.28453961897711505,0.028982084000290342,0.5,0.5
networked_lq_12d_quadratic,Large,20267056,MBLinear,-1,4,6.341252619043768,6.523212275787942,3.7120612611416215,0.034793916000126046,0.5,0.5
networked_lq_12d_quadratic,Large,20266057,BE,-1,8,0.012109871231547062,1.0153308803231376,0.5194249857096901,0.018014374999893334,0.5,0.5
networked_lq_12d_quadratic,Large,20266057,Gen2,2,8,0.16791692393863422,0.8801853270698923,0.4267673175944946,0.038360875000307715,0.5,0.5
networked_lq_12d_quadratic,Large,20267057,MBLinear,-1,8,6.865413780745157,9.518357798141963,4.8510640278056245,0.07802224999977625,0.5,0.5
